"","trattamento","tornata","id","risposta","lifesatisfaction","lsreddito","lsfamiglia","lslavorostudio","lsamici","lsrelsentimentali","lssalute","packednodom","packedsidom","unpacked","female","young","goodhealth","income2","income3","income4","friendsoften","association","highedu","north","partner","children"
"1","packed_no_info",1,1,1,7,NA,NA,NA,NA,NA,NA,1,0,0,0,1,1,0,1,0,1,1,1,1,0,0
"2","packed_no_info",2,1,1,8,3,8,5,8,9,9,1,0,0,0,1,1,0,1,0,1,1,1,1,0,0
"3","packed_no_info",1,2,1,6,NA,NA,NA,NA,NA,NA,1,0,0,1,0,1,1,0,0,1,0,1,0,0,0
"4","packed_no_info",2,2,1,8,6,8,4,6,6,8,1,0,0,1,0,1,1,0,0,1,0,1,0,0,0
"5","packed_no_info",1,3,1,5,NA,NA,NA,NA,NA,NA,1,0,0,0,1,1,0,0,1,0,0,0,1,0,0
"6","packed_no_info",2,3,1,8,7,6,7,8,8,9,1,0,0,0,1,1,0,0,1,0,0,0,1,0,0
"7","packed_no_info",1,4,1,9,NA,NA,NA,NA,NA,NA,1,0,0,0,1,0,0,1,0,1,0,1,1,1,0
"8","packed_no_info",2,4,1,8,7,7,9,9,2,9,1,0,0,0,1,0,0,1,0,1,0,1,1,1,0
"9","packed_no_info",1,5,1,7,NA,NA,NA,NA,NA,NA,1,0,0,0,1,1,0,1,0,1,1,1,0,0,0
"10","packed_no_info",2,5,1,8,7,8,7,9,7,9,1,0,0,0,1,1,0,1,0,1,1,1,0,0,0
"11","packed_no_info",1,6,1,8,NA,NA,NA,NA,NA,NA,1,0,0,1,1,1,1,0,0,1,0,0,1,1,0
"12","packed_no_info",2,6,1,8,8,7,6,9,5,9,1,0,0,1,1,1,1,0,0,1,0,0,1,1,0
"13","packed_no_info",1,7,1,7,NA,NA,NA,NA,NA,NA,1,0,0,1,1,0,1,0,0,1,0,0,1,0,0
"14","packed_no_info",2,7,1,9,8,10,8,10,10,8,1,0,0,1,1,0,1,0,0,1,0,0,1,0,0
"15","packed_no_info",1,8,1,9,NA,NA,NA,NA,NA,NA,1,0,0,1,1,1,0,0,1,1,1,1,0,1,0
"16","packed_no_info",2,8,1,6,6,6,4,8,5,5,1,0,0,1,1,1,0,0,1,1,1,1,0,1,0
"17","packed_no_info",1,9,1,5,NA,NA,NA,NA,NA,NA,1,0,0,0,1,1,0,0,1,1,1,0,1,0,0
"18","packed_no_info",2,9,1,7,5,2,5,8,4,6,1,0,0,0,1,1,0,0,1,1,1,0,1,0,0
"19","packed_no_info",1,10,1,7,NA,NA,NA,NA,NA,NA,1,0,0,1,1,0,0,1,0,1,1,0,1,0,0
"20","packed_no_info",2,10,1,8,8,8,7,8,7,10,1,0,0,1,1,0,0,1,0,1,1,0,1,0,0
"21","packed_no_info",1,11,1,7,NA,NA,NA,NA,NA,NA,1,0,0,0,1,1,0,1,0,1,1,1,1,0,0
"22","packed_no_info",2,11,1,9,8,9,8,8,10,9,1,0,0,0,1,1,0,1,0,1,1,1,1,0,0
"23","packed_no_info",1,12,1,9,NA,NA,NA,NA,NA,NA,1,0,0,1,1,0,0,1,0,1,1,0,1,1,0
"24","packed_no_info",2,12,1,8,7,9,7,7,9,10,1,0,0,1,1,0,0,1,0,1,1,0,1,1,0
"25","packed_no_info",1,13,1,6,NA,NA,NA,NA,NA,NA,1,0,0,1,1,1,0,0,0,1,0,1,0,0,0
"26","packed_no_info",2,13,1,8,6,5,8,7,10,8,1,0,0,1,1,1,0,0,0,1,0,1,0,0,0
"27","packed_no_info",1,14,1,7,NA,NA,NA,NA,NA,NA,1,0,0,1,1,0,0,0,0,0,0,0,1,1,0
"28","packed_no_info",2,14,1,7,6,5,6,6,10,8,1,0,0,1,1,0,0,0,0,0,0,0,1,1,0
"29","packed_no_info",1,15,1,7,NA,NA,NA,NA,NA,NA,1,0,0,1,1,1,0,1,0,1,1,0,1,1,0
"30","packed_no_info",2,15,1,8,5,8,6,6,2,10,1,0,0,1,1,1,0,1,0,1,1,0,1,1,0
"31","packed_no_info",1,16,1,8,NA,NA,NA,NA,NA,NA,1,0,0,0,1,1,0,1,0,0,0,1,1,1,0
"32","packed_no_info",2,16,1,7,6,5,8,9,10,6,1,0,0,0,1,1,0,1,0,0,0,1,1,1,0
"33","packed_no_info",1,17,1,4,NA,NA,NA,NA,NA,NA,1,0,0,1,1,0,0,1,0,0,1,0,1,1,0
"34","packed_no_info",2,17,1,6,3,8,2,7,9,7,1,0,0,1,1,0,0,1,0,0,1,0,1,1,0
"35","packed_no_info",1,18,1,8,NA,NA,NA,NA,NA,NA,1,0,0,0,1,1,1,0,0,1,1,0,1,1,0
"36","packed_no_info",2,18,1,8,8,7,7,9,5,8,1,0,0,0,1,1,1,0,0,1,1,0,1,1,0
"37","packed_no_info",1,19,1,8,NA,NA,NA,NA,NA,NA,1,0,0,1,1,1,0,0,1,1,0,0,0,0,0
"38","packed_no_info",2,19,1,8,8,8,7,7,5,9,1,0,0,1,1,1,0,0,1,1,0,0,0,0,0
"39","packed_no_info",1,20,1,8,NA,NA,NA,NA,NA,NA,1,0,0,0,1,1,0,0,1,1,0,1,0,0,0
"40","packed_no_info",2,20,1,8,6,7,6,6,1,7,1,0,0,0,1,1,0,0,1,1,0,1,0,0,0
"41","packed_no_info",1,21,1,8,NA,NA,NA,NA,NA,NA,1,0,0,1,1,1,0,1,0,1,1,1,0,0,0
"42","packed_no_info",2,21,1,10,10,9,7,10,10,10,1,0,0,1,1,1,0,1,0,1,1,1,0,0,0
"43","packed_no_info",1,22,1,7,NA,NA,NA,NA,NA,NA,1,0,0,0,1,1,1,0,0,1,1,0,0,1,0
"44","packed_no_info",2,22,1,8,5,9,6,8,2,8,1,0,0,0,1,1,1,0,0,1,1,0,0,1,0
"45","packed_no_info",1,23,1,4,NA,NA,NA,NA,NA,NA,1,0,0,1,1,0,0,1,0,1,0,1,0,0,0
"46","packed_no_info",2,23,1,6,6,7,6,7,7,9,1,0,0,1,1,0,0,1,0,1,0,1,0,0,0
"47","packed_no_info",1,24,1,7,NA,NA,NA,NA,NA,NA,1,0,0,0,1,1,0,0,0,1,1,1,0,1,0
"48","packed_no_info",2,24,1,8,9,9,8,8,3,8,1,0,0,0,1,1,0,0,0,1,1,1,0,1,0
"49","packed_no_info",1,25,1,8,NA,NA,NA,NA,NA,NA,1,0,0,1,1,1,0,0,1,1,0,1,1,0,0
"50","packed_no_info",2,25,1,7,7,8,7,9,6,6,1,0,0,1,1,1,0,0,1,1,0,1,1,0,0
"51","packed_no_info",1,26,1,6,NA,NA,NA,NA,NA,NA,1,0,0,1,1,0,0,1,0,1,0,0,1,0,0
"52","packed_no_info",2,26,1,8,8,9,6,6,8,8,1,0,0,1,1,0,0,1,0,1,0,0,1,0,0
"53","packed_no_info",1,27,1,8,NA,NA,NA,NA,NA,NA,1,0,0,1,1,0,0,0,0,1,0,0,1,1,0
"54","packed_no_info",2,27,1,8,4,8,4,8,10,9,1,0,0,1,1,0,0,0,0,1,0,0,1,1,0
"55","packed_no_info",1,28,1,7,NA,NA,NA,NA,NA,NA,1,0,0,0,1,1,0,0,0,1,0,0,1,1,0
"56","packed_no_info",2,28,1,8,7,7,5,8,7,8,1,0,0,0,1,1,0,0,0,1,0,0,1,1,0
"57","packed_no_info",1,29,1,7,NA,NA,NA,NA,NA,NA,1,0,0,0,1,0,0,0,0,1,0,0,0,0,0
"58","packed_no_info",2,29,1,8,8,8,8,8,6,8,1,0,0,0,1,0,0,0,0,1,0,0,0,0,0
"59","packed_no_info",1,30,1,7,NA,NA,NA,NA,NA,NA,1,0,0,0,1,1,0,1,0,1,1,0,1,0,0
"60","packed_no_info",2,30,1,6,7,7,7,8,9,8,1,0,0,0,1,1,0,1,0,1,1,0,1,0,0
"61","packed_no_info",1,31,1,8,NA,NA,NA,NA,NA,NA,1,0,0,0,1,1,0,0,1,1,0,0,0,1,0
"62","packed_no_info",2,31,1,9,8,10,9,7,8,9,1,0,0,0,1,1,0,0,1,1,0,0,0,1,0
"63","packed_no_info",1,32,1,9,NA,NA,NA,NA,NA,NA,1,0,0,0,1,1,0,1,0,1,1,1,0,0,0
"64","packed_no_info",2,32,1,8,5,7,7,5,1,9,1,0,0,0,1,1,0,1,0,1,1,1,0,0,0
"65","packed_no_info",1,33,1,8,NA,NA,NA,NA,NA,NA,1,0,0,1,1,1,1,0,0,1,1,0,1,1,0
"66","packed_no_info",2,33,1,9,3,9,6,8,7,10,1,0,0,1,1,1,1,0,0,1,1,0,1,1,0
"67","packed_no_info",1,34,1,9,NA,NA,NA,NA,NA,NA,1,0,0,1,1,1,0,1,0,1,0,1,1,0,0
"68","packed_no_info",2,34,1,8,6,6,9,8,8,7,1,0,0,1,1,1,0,1,0,1,0,1,1,0,0
"69","packed_no_info",1,35,1,8,NA,NA,NA,NA,NA,NA,1,0,0,1,1,1,0,1,0,1,0,0,0,0,0
"70","packed_no_info",2,35,1,8,6,10,5,9,10,9,1,0,0,1,1,1,0,1,0,1,0,0,0,0,0
"71","packed_no_info",1,36,1,7,NA,NA,NA,NA,NA,NA,1,0,0,1,1,1,0,0,0,1,0,0,0,1,0
"72","packed_no_info",2,36,1,6,6,7,7,5,2,9,1,0,0,1,1,1,0,0,0,1,0,0,0,1,0
"73","packed_no_info",1,37,1,9,NA,NA,NA,NA,NA,NA,1,0,0,0,1,0,0,1,0,0,0,1,0,0,0
"74","packed_no_info",2,37,1,8,7,9,8,9,4,8,1,0,0,0,1,0,0,1,0,0,0,1,0,0,0
"75","packed_no_info",1,38,1,8,NA,NA,NA,NA,NA,NA,1,0,0,0,1,1,0,0,1,1,1,1,0,0,0
"76","packed_no_info",2,38,1,6,7,7,7,10,5,5,1,0,0,0,1,1,0,0,1,1,1,1,0,0,0
"77","packed_no_info",1,39,1,7,NA,NA,NA,NA,NA,NA,1,0,0,1,1,1,1,0,0,1,0,0,0,0,0
"78","packed_no_info",2,39,1,7,7,6,5,7,6,7,1,0,0,1,1,1,1,0,0,1,0,0,0,0,0
"79","packed_no_info",1,40,1,2,NA,NA,NA,NA,NA,NA,1,0,0,1,1,0,1,0,0,1,0,0,0,1,0
"80","packed_no_info",2,40,1,8,8,9,7,8,3,8,1,0,0,1,1,0,1,0,0,1,0,0,0,1,0
"81","packed_no_info",1,41,1,7,NA,NA,NA,NA,NA,NA,1,0,0,1,1,1,0,1,0,0,1,0,1,0,0
"82","packed_no_info",2,41,1,8,8,10,8,9,6,8,1,0,0,1,1,1,0,1,0,0,1,0,1,0,0
"83","packed_no_info",1,42,1,8,NA,NA,NA,NA,NA,NA,1,0,0,0,1,1,0,0,1,1,1,1,1,0,0
"84","packed_no_info",2,42,1,6,1,4,2,3,8,6,1,0,0,0,1,1,0,0,1,1,1,1,1,0,0
"85","packed_no_info",1,43,1,1,NA,NA,NA,NA,NA,NA,1,0,0,1,1,0,0,0,0,0,0,0,1,1,0
"86","packed_no_info",2,43,1,9,8,9,7,10,10,9,1,0,0,1,1,0,0,0,0,0,0,0,1,1,0
"87","packed_no_info",1,44,1,8,NA,NA,NA,NA,NA,NA,1,0,0,0,1,1,1,0,0,1,1,1,1,0,0
"88","packed_no_info",2,44,1,8,8,6,8,8,8,9,1,0,0,0,1,1,1,0,0,1,1,1,1,0,0
"89","packed_no_info",1,45,1,7,NA,NA,NA,NA,NA,NA,1,0,0,0,1,1,0,1,0,1,1,0,1,0,0
"90","packed_no_info",2,45,1,7,6,6,7,7,9,9,1,0,0,0,1,1,0,1,0,1,1,0,1,0,0
"91","packed_no_info",1,46,1,10,NA,NA,NA,NA,NA,NA,1,0,0,0,1,1,0,1,0,1,0,0,0,0,0
"92","packed_no_info",2,46,1,9,9,9,7,10,10,9,1,0,0,0,1,1,0,1,0,1,0,0,0,0,0
"93","packed_no_info",1,47,1,10,NA,NA,NA,NA,NA,NA,1,0,0,1,1,1,0,1,0,1,1,0,0,1,0
"94","packed_no_info",2,47,1,9,1,9,6,10,10,9,1,0,0,1,1,1,0,1,0,1,1,0,0,1,0
"95","packed_no_info",1,48,1,7,NA,NA,NA,NA,NA,NA,1,0,0,0,1,1,0,0,0,1,0,1,1,0,1
"96","packed_no_info",2,48,1,6,3,8,4,7,3,8,1,0,0,0,1,1,0,0,0,1,0,1,1,0,1
"97","packed_no_info",1,49,1,8,NA,NA,NA,NA,NA,NA,1,0,0,0,1,1,0,0,0,1,1,0,0,0,0
"98","packed_no_info",2,49,1,7,6,7,7,7,8,7,1,0,0,0,1,1,0,0,0,1,1,0,0,0,0
"99","packed_no_info",1,50,1,7,NA,NA,NA,NA,NA,NA,1,0,0,1,1,0,0,1,0,0,0,1,0,0,0
"100","packed_no_info",2,50,1,9,9,8,9,9,6,9,1,0,0,1,1,0,0,1,0,0,0,1,0,0,0
"101","packed_no_info",1,51,1,8,NA,NA,NA,NA,NA,NA,1,0,0,0,1,1,0,1,0,1,1,0,1,0,0
"102","packed_no_info",2,51,1,7,4,7,5,9,3,8,1,0,0,0,1,1,0,1,0,1,1,0,1,0,0
"103","packed_no_info",1,52,1,5,NA,NA,NA,NA,NA,NA,1,0,0,0,1,1,1,0,0,1,0,0,1,0,0
"104","packed_no_info",2,52,1,6,7,7,5,8,1,7,1,0,0,0,1,1,1,0,0,1,0,0,1,0,0
"105","packed_no_info",1,53,1,3,NA,NA,NA,NA,NA,NA,1,0,0,1,0,0,0,1,0,0,0,0,1,1,0
"106","packed_no_info",2,53,1,8,2,10,7,6,10,8,1,0,0,1,0,0,0,1,0,0,0,0,1,1,0
"107","packed_no_info",1,54,1,9,NA,NA,NA,NA,NA,NA,1,0,0,0,1,1,1,0,0,1,0,0,0,0,0
"108","packed_no_info",2,54,1,7,6,8,8,6,7,7,1,0,0,0,1,1,1,0,0,1,0,0,0,0,0
"109","packed_no_info",1,55,1,8,NA,NA,NA,NA,NA,NA,1,0,0,0,1,0,0,1,0,1,0,1,0,0,0
"110","packed_no_info",2,55,1,7,7,7,7,7,6,6,1,0,0,0,1,0,0,1,0,1,0,1,0,0,0
"111","packed_no_info",1,56,1,4,NA,NA,NA,NA,NA,NA,1,0,0,1,1,1,0,1,0,0,0,0,1,1,0
"112","packed_no_info",2,56,1,9,7,9,8,7,7,9,1,0,0,1,1,1,0,1,0,0,0,0,1,1,0
"113","packed_no_info",1,57,1,6,NA,NA,NA,NA,NA,NA,1,0,0,0,1,1,1,0,0,1,1,1,1,1,0
"114","packed_no_info",2,57,1,7,8,7,6,3,6,7,1,0,0,0,1,1,1,0,0,1,1,1,1,1,0
"115","packed_no_info",1,58,1,8,NA,NA,NA,NA,NA,NA,1,0,0,1,1,1,0,0,0,1,1,0,0,1,0
"116","packed_no_info",2,58,1,6,6,5,3,5,2,5,1,0,0,1,1,1,0,0,0,1,1,0,0,1,0
"117","packed_no_info",1,59,0,3,NA,NA,NA,NA,NA,NA,1,0,0,0,1,0,0,1,0,1,0,0,0,0,0
"118","packed_no_info",2,59,0,NA,NA,NA,NA,NA,NA,NA,1,0,0,0,1,0,0,1,0,1,0,0,0,0,0
"119","packed_no_info",1,60,0,6,NA,NA,NA,NA,NA,NA,1,0,0,1,1,0,0,0,1,1,0,0,1,1,0
"120","packed_no_info",2,60,0,NA,NA,NA,NA,NA,NA,NA,1,0,0,1,1,0,0,0,1,1,0,0,1,1,0
"121","packed_no_info",1,61,0,8,NA,NA,NA,NA,NA,NA,1,0,0,0,1,1,1,0,0,1,1,0,1,0,0
"122","packed_no_info",2,61,0,NA,NA,NA,NA,NA,NA,NA,1,0,0,0,1,1,1,0,0,1,1,0,1,0,0
"123","packed_no_info",1,62,0,8,NA,NA,NA,NA,NA,NA,1,0,0,1,1,1,1,0,0,1,1,0,0,0,0
"124","packed_no_info",2,62,0,NA,NA,NA,NA,NA,NA,NA,1,0,0,1,1,1,1,0,0,1,1,0,0,0,0
"125","packed_no_info",1,63,0,7,NA,NA,NA,NA,NA,NA,1,0,0,1,1,1,1,0,0,1,1,0,0,0,0
"126","packed_no_info",2,63,0,NA,NA,NA,NA,NA,NA,NA,1,0,0,1,1,1,1,0,0,1,1,0,0,0,0
"127","packed_no_info",1,64,0,8,NA,NA,NA,NA,NA,NA,1,0,0,1,1,1,0,0,0,1,0,0,1,0,0
"128","packed_no_info",2,64,0,NA,NA,NA,NA,NA,NA,NA,1,0,0,1,1,1,0,0,0,1,0,0,1,0,0
"129","packed_no_info",1,65,0,7,NA,NA,NA,NA,NA,NA,1,0,0,0,0,1,0,0,1,0,0,1,1,1,1
"130","packed_no_info",2,65,0,NA,NA,NA,NA,NA,NA,NA,1,0,0,0,0,1,0,0,1,0,0,1,1,1,1
"131","packed_no_info",1,66,0,9,NA,NA,NA,NA,NA,NA,1,0,0,0,0,1,0,1,0,0,1,0,1,1,1
"132","packed_no_info",2,66,0,NA,NA,NA,NA,NA,NA,NA,1,0,0,0,0,1,0,1,0,0,1,0,1,1,1
"133","packed_no_info",1,67,0,7,NA,NA,NA,NA,NA,NA,1,0,0,1,1,1,0,1,0,1,0,0,1,1,0
"134","packed_no_info",2,67,0,NA,NA,NA,NA,NA,NA,NA,1,0,0,1,1,1,0,1,0,1,0,0,1,1,0
"135","packed_no_info",1,68,0,5,NA,NA,NA,NA,NA,NA,1,0,0,1,1,0,1,0,0,1,0,0,0,0,0
"136","packed_no_info",2,68,0,NA,NA,NA,NA,NA,NA,NA,1,0,0,1,1,0,1,0,0,1,0,0,0,0,0
"137","packed_no_info",1,69,0,5,NA,NA,NA,NA,NA,NA,1,0,0,1,1,1,1,0,0,1,1,0,0,0,0
"138","packed_no_info",2,69,0,NA,NA,NA,NA,NA,NA,NA,1,0,0,1,1,1,1,0,0,1,1,0,0,0,0
"139","packed_no_info",1,70,0,8,NA,NA,NA,NA,NA,NA,1,0,0,1,1,1,1,0,0,1,0,1,0,0,0
"140","packed_no_info",2,70,0,NA,NA,NA,NA,NA,NA,NA,1,0,0,1,1,1,1,0,0,1,0,1,0,0,0
"141","packed_no_info",1,71,0,8,NA,NA,NA,NA,NA,NA,1,0,0,0,1,1,0,0,1,1,0,1,0,1,0
"142","packed_no_info",2,71,0,NA,NA,NA,NA,NA,NA,NA,1,0,0,0,1,1,0,0,1,1,0,1,0,1,0
"143","packed_no_info",1,72,0,5,NA,NA,NA,NA,NA,NA,1,0,0,1,1,1,1,0,0,0,1,0,1,0,0
"144","packed_no_info",2,72,0,NA,NA,NA,NA,NA,NA,NA,1,0,0,1,1,1,1,0,0,0,1,0,1,0,0
"145","packed_no_info",1,73,0,9,NA,NA,NA,NA,NA,NA,1,0,0,0,1,1,0,1,0,1,0,1,0,0,0
"146","packed_no_info",2,73,0,NA,NA,NA,NA,NA,NA,NA,1,0,0,0,1,1,0,1,0,1,0,1,0,0,0
"147","packed_no_info",1,74,0,8,NA,NA,NA,NA,NA,NA,1,0,0,1,0,1,1,0,0,0,0,0,0,1,1
"148","packed_no_info",2,74,0,NA,NA,NA,NA,NA,NA,NA,1,0,0,1,0,1,1,0,0,0,0,0,0,1,1
"149","packed_no_info",1,75,0,8,NA,NA,NA,NA,NA,NA,1,0,0,0,1,1,1,0,0,1,1,1,1,0,0
"150","packed_no_info",2,75,0,NA,NA,NA,NA,NA,NA,NA,1,0,0,0,1,1,1,0,0,1,1,1,1,0,0
"151","packed_no_info",1,76,0,7,NA,NA,NA,NA,NA,NA,1,0,0,0,1,1,0,0,0,1,1,0,1,1,0
"152","packed_no_info",2,76,0,NA,NA,NA,NA,NA,NA,NA,1,0,0,0,1,1,0,0,0,1,1,0,1,1,0
"153","packed_no_info",1,77,0,5,NA,NA,NA,NA,NA,NA,1,0,0,1,1,1,1,0,0,1,1,0,1,0,0
"154","packed_no_info",2,77,0,NA,NA,NA,NA,NA,NA,NA,1,0,0,1,1,1,1,0,0,1,1,0,1,0,0
"155","packed_no_info",1,78,0,4,NA,NA,NA,NA,NA,NA,1,0,0,1,0,1,0,0,0,1,0,1,1,1,0
"156","packed_no_info",2,78,0,NA,NA,NA,NA,NA,NA,NA,1,0,0,1,0,1,0,0,0,1,0,1,1,1,0
"157","packed_no_info",1,79,0,7,NA,NA,NA,NA,NA,NA,1,0,0,0,1,1,1,0,0,1,0,0,1,0,0
"158","packed_no_info",2,79,0,NA,NA,NA,NA,NA,NA,NA,1,0,0,0,1,1,1,0,0,1,0,0,1,0,0
"159","packed_no_info",1,80,0,9,NA,NA,NA,NA,NA,NA,1,0,0,0,1,1,0,0,1,1,0,1,0,0,0
"160","packed_no_info",2,80,0,NA,NA,NA,NA,NA,NA,NA,1,0,0,0,1,1,0,0,1,1,0,1,0,0,0
"161","packed_no_info",1,81,0,3,NA,NA,NA,NA,NA,NA,1,0,0,0,1,1,0,0,1,1,1,0,0,0,0
"162","packed_no_info",2,81,0,NA,NA,NA,NA,NA,NA,NA,1,0,0,0,1,1,0,0,1,1,1,0,0,0,0
"163","packed_no_info",1,82,0,8,NA,NA,NA,NA,NA,NA,1,0,0,0,1,1,0,1,0,1,0,1,0,0,0
"164","packed_no_info",2,82,0,NA,NA,NA,NA,NA,NA,NA,1,0,0,0,1,1,0,1,0,1,0,1,0,0,0
"165","packed_no_info",1,83,0,10,NA,NA,NA,NA,NA,NA,1,0,0,0,1,1,0,1,0,1,0,1,1,0,0
"166","packed_no_info",2,83,0,NA,NA,NA,NA,NA,NA,NA,1,0,0,0,1,1,0,1,0,1,0,1,1,0,0
"167","packed_no_info",1,84,0,7,NA,NA,NA,NA,NA,NA,1,0,0,1,1,1,1,0,0,1,0,0,1,1,0
"168","packed_no_info",2,84,0,NA,NA,NA,NA,NA,NA,NA,1,0,0,1,1,1,1,0,0,1,0,0,1,1,0
"169","packed_no_info",1,85,0,8,NA,NA,NA,NA,NA,NA,1,0,0,1,1,0,0,1,0,1,0,1,0,0,0
"170","packed_no_info",2,85,0,NA,NA,NA,NA,NA,NA,NA,1,0,0,1,1,0,0,1,0,1,0,1,0,0,0
"171","packed_no_info",1,86,0,7,NA,NA,NA,NA,NA,NA,1,0,0,0,1,0,1,0,0,1,1,1,1,1,0
"172","packed_no_info",2,86,0,NA,NA,NA,NA,NA,NA,NA,1,0,0,0,1,0,1,0,0,1,1,1,1,1,0
"173","packed_no_info",1,87,0,5,NA,NA,NA,NA,NA,NA,1,0,0,1,1,1,0,0,0,1,1,1,0,0,0
"174","packed_no_info",2,87,0,NA,NA,NA,NA,NA,NA,NA,1,0,0,1,1,1,0,0,0,1,1,1,0,0,0
"175","packed_no_info",1,88,0,7,NA,NA,NA,NA,NA,NA,1,0,0,1,1,1,0,0,0,1,0,0,1,0,0
"176","packed_no_info",2,88,0,NA,NA,NA,NA,NA,NA,NA,1,0,0,1,1,1,0,0,0,1,0,0,1,0,0
"177","packed_no_info",1,89,0,10,NA,NA,NA,NA,NA,NA,1,0,0,0,1,1,0,0,1,1,1,1,1,1,0
"178","packed_no_info",2,89,0,NA,NA,NA,NA,NA,NA,NA,1,0,0,0,1,1,0,0,1,1,1,1,1,1,0
"179","packed_no_info",1,90,0,7,NA,NA,NA,NA,NA,NA,1,0,0,0,1,0,0,0,0,0,0,0,1,0,0
"180","packed_no_info",2,90,0,NA,NA,NA,NA,NA,NA,NA,1,0,0,0,1,0,0,0,0,0,0,0,1,0,0
"181","packed_no_info",1,91,0,7,NA,NA,NA,NA,NA,NA,1,0,0,1,1,0,0,1,0,0,0,0,1,0,0
"182","packed_no_info",2,91,0,NA,NA,NA,NA,NA,NA,NA,1,0,0,1,1,0,0,1,0,0,0,0,1,0,0
"183","packed_no_info",1,92,0,8,NA,NA,NA,NA,NA,NA,1,0,0,1,1,1,1,0,0,0,1,1,1,1,0
"184","packed_no_info",2,92,0,NA,NA,NA,NA,NA,NA,NA,1,0,0,1,1,1,1,0,0,0,1,1,1,1,0
"185","packed_no_info",1,93,0,7,NA,NA,NA,NA,NA,NA,1,0,0,0,1,1,1,0,0,1,1,0,1,1,0
"186","packed_no_info",2,93,0,NA,NA,NA,NA,NA,NA,NA,1,0,0,0,1,1,1,0,0,1,1,0,1,1,0
"187","packed_no_info",1,94,0,7,NA,NA,NA,NA,NA,NA,1,0,0,0,1,0,0,0,0,0,1,1,1,0,0
"188","packed_no_info",2,94,0,NA,NA,NA,NA,NA,NA,NA,1,0,0,0,1,0,0,0,0,0,1,1,1,0,0
"189","packed_no_info",1,95,0,6,NA,NA,NA,NA,NA,NA,1,0,0,0,1,1,0,0,0,0,1,0,1,1,0
"190","packed_no_info",2,95,0,NA,NA,NA,NA,NA,NA,NA,1,0,0,0,1,1,0,0,0,0,1,0,1,1,0
"191","packed_no_info",1,96,0,6,NA,NA,NA,NA,NA,NA,1,0,0,0,0,1,1,0,0,0,1,0,1,0,0
"192","packed_no_info",2,96,0,NA,NA,NA,NA,NA,NA,NA,1,0,0,0,0,1,1,0,0,0,1,0,1,0,0
"193","packed_no_info",1,97,0,7,NA,NA,NA,NA,NA,NA,1,0,0,0,0,1,0,0,0,1,0,1,0,0,0
"194","packed_no_info",2,97,0,NA,NA,NA,NA,NA,NA,NA,1,0,0,0,0,1,0,0,0,1,0,1,0,0,0
"195","packed_no_info",1,98,0,6,NA,NA,NA,NA,NA,NA,1,0,0,1,1,0,0,0,1,1,1,0,0,1,1
"196","packed_no_info",2,98,0,NA,NA,NA,NA,NA,NA,NA,1,0,0,1,1,0,0,0,1,1,1,0,0,1,1
"197","packed_no_info",1,99,0,9,NA,NA,NA,NA,NA,NA,1,0,0,0,0,0,0,0,1,0,0,1,1,0,0
"198","packed_no_info",2,99,0,NA,NA,NA,NA,NA,NA,NA,1,0,0,0,0,0,0,0,1,0,0,1,1,0,0
"199","packed_no_info",1,100,0,5,NA,NA,NA,NA,NA,NA,1,0,0,1,1,0,0,1,0,0,0,0,1,1,0
"200","packed_no_info",2,100,0,NA,NA,NA,NA,NA,NA,NA,1,0,0,1,1,0,0,1,0,0,0,0,1,1,0
"201","packed_no_info",1,101,0,8,NA,NA,NA,NA,NA,NA,1,0,0,1,1,0,0,0,1,1,1,0,1,0,0
"202","packed_no_info",2,101,0,NA,NA,NA,NA,NA,NA,NA,1,0,0,1,1,0,0,0,1,1,1,0,1,0,0
"203","packed_with_info",1,102,1,10,NA,NA,NA,NA,NA,NA,0,1,0,0,1,1,0,0,0,1,0,1,0,0,0
"204","packed_with_info",2,102,1,10,8,10,10,10,10,10,0,1,0,0,1,1,0,0,0,1,0,1,0,0,0
"205","packed_with_info",1,103,1,7,NA,NA,NA,NA,NA,NA,0,1,0,0,1,1,1,0,0,1,0,0,0,0,0
"206","packed_with_info",2,103,1,8,7,3,9,10,5,10,0,1,0,0,1,1,1,0,0,1,0,0,0,0,0
"207","packed_with_info",1,104,1,10,NA,NA,NA,NA,NA,NA,0,1,0,1,1,0,0,0,1,1,1,1,0,0,0
"208","packed_with_info",2,104,1,9,8,10,9,8,2,7,0,1,0,1,1,0,0,0,1,1,1,1,0,0,0
"209","packed_with_info",1,105,1,8,NA,NA,NA,NA,NA,NA,0,1,0,0,1,0,1,0,0,1,0,0,1,0,0
"210","packed_with_info",2,105,1,8,8,9,7,8,7,8,0,1,0,0,1,0,1,0,0,1,0,0,1,0,0
"211","packed_with_info",1,106,1,7,NA,NA,NA,NA,NA,NA,0,1,0,1,1,1,0,0,0,1,0,0,1,1,0
"212","packed_with_info",2,106,1,8,7,7,8,7,8,6,0,1,0,1,1,1,0,0,0,1,0,0,1,1,0
"213","packed_with_info",1,107,1,9,NA,NA,NA,NA,NA,NA,0,1,0,1,1,1,0,0,0,0,0,0,0,0,0
"214","packed_with_info",2,107,1,9,8,7,7,7,9,9,0,1,0,1,1,1,0,0,0,0,0,0,0,0,0
"215","packed_with_info",1,108,1,7,NA,NA,NA,NA,NA,NA,0,1,0,0,1,1,0,0,1,1,1,1,0,0,0
"216","packed_with_info",2,108,1,10,7,10,7,10,1,10,0,1,0,0,1,1,0,0,1,1,1,1,0,0,0
"217","packed_with_info",1,109,1,8,NA,NA,NA,NA,NA,NA,0,1,0,0,1,1,1,0,0,1,0,1,0,0,0
"218","packed_with_info",2,109,1,8,6,7,7,8,3,8,0,1,0,0,1,1,1,0,0,1,0,1,0,0,0
"219","packed_with_info",1,110,1,4,NA,NA,NA,NA,NA,NA,0,1,0,0,1,0,0,1,0,1,0,1,1,0,0
"220","packed_with_info",2,110,1,6,5,5,5,6,3,4,0,1,0,0,1,0,0,1,0,1,0,1,1,0,0
"221","packed_with_info",1,111,1,8,NA,NA,NA,NA,NA,NA,0,1,0,0,1,1,0,0,1,0,0,0,1,0,0
"222","packed_with_info",2,111,1,7,8,10,7,8,5,9,0,1,0,0,1,1,0,0,1,0,0,0,1,0,0
"223","packed_with_info",1,112,1,9,NA,NA,NA,NA,NA,NA,0,1,0,0,1,1,0,1,0,1,1,1,1,0,0
"224","packed_with_info",2,112,1,10,10,8,10,10,7,9,0,1,0,0,1,1,0,1,0,1,1,1,1,0,0
"225","packed_with_info",1,113,1,7,NA,NA,NA,NA,NA,NA,0,1,0,1,1,0,0,1,0,1,0,0,1,1,0
"226","packed_with_info",2,113,1,8,9,8,7,7,9,6,0,1,0,1,1,0,0,1,0,1,0,0,1,1,0
"227","packed_with_info",1,114,1,7,NA,NA,NA,NA,NA,NA,0,1,0,1,1,1,1,0,0,0,0,1,1,0,0
"228","packed_with_info",2,114,1,9,7,7,5,8,9,8,0,1,0,1,1,1,1,0,0,0,0,1,1,0,0
"229","packed_with_info",1,115,1,4,NA,NA,NA,NA,NA,NA,0,1,0,1,1,0,1,0,0,0,0,1,1,0,0
"230","packed_with_info",2,115,1,6,4,3,5,7,4,5,0,1,0,1,1,0,1,0,0,0,0,1,1,0,0
"231","packed_with_info",1,116,1,7,NA,NA,NA,NA,NA,NA,0,1,0,1,0,1,1,0,0,1,1,1,0,0,0
"232","packed_with_info",2,116,1,8,7,7,6,10,7,7,0,1,0,1,0,1,1,0,0,1,1,1,0,0,0
"233","packed_with_info",1,117,1,8,NA,NA,NA,NA,NA,NA,0,1,0,0,1,1,1,0,0,1,1,1,1,0,0
"234","packed_with_info",2,117,1,9,7,9,1,10,8,10,0,1,0,0,1,1,1,0,0,1,1,1,1,0,0
"235","packed_with_info",1,118,1,6,NA,NA,NA,NA,NA,NA,0,1,0,1,1,1,1,0,0,1,0,0,1,0,0
"236","packed_with_info",2,118,1,6,6,8,5,7,3,7,0,1,0,1,1,1,1,0,0,1,0,0,1,0,0
"237","packed_with_info",1,119,1,8,NA,NA,NA,NA,NA,NA,0,1,0,1,1,1,0,1,0,1,0,0,1,1,0
"238","packed_with_info",2,119,1,8,8,6,8,8,9,10,0,1,0,1,1,1,0,1,0,1,0,0,1,1,0
"239","packed_with_info",1,120,1,7,NA,NA,NA,NA,NA,NA,0,1,0,1,1,0,1,0,0,0,1,0,1,0,0
"240","packed_with_info",2,120,1,8,8,9,8,9,10,6,0,1,0,1,1,0,1,0,0,0,1,0,1,0,0
"241","packed_with_info",1,121,1,8,NA,NA,NA,NA,NA,NA,0,1,0,0,1,1,1,0,0,0,1,0,1,1,0
"242","packed_with_info",2,121,1,8,7,7,7,6,9,7,0,1,0,0,1,1,1,0,0,0,1,0,1,1,0
"243","packed_with_info",1,122,1,9,NA,NA,NA,NA,NA,NA,0,1,0,1,1,1,1,0,0,0,0,1,1,0,0
"244","packed_with_info",2,122,1,8,5,10,5,9,9,10,0,1,0,1,1,1,1,0,0,0,0,1,1,0,0
"245","packed_with_info",1,123,1,7,NA,NA,NA,NA,NA,NA,0,1,0,1,1,0,1,0,0,1,0,1,0,1,1
"246","packed_with_info",2,123,1,7,8,6,7,9,9,10,0,1,0,1,1,0,1,0,0,1,0,1,0,1,1
"247","packed_with_info",1,124,1,8,NA,NA,NA,NA,NA,NA,0,1,0,1,1,1,0,0,0,1,0,0,0,1,0
"248","packed_with_info",2,124,1,8,5,10,5,8,8,8,0,1,0,1,1,1,0,0,0,1,0,0,0,1,0
"249","packed_with_info",1,125,1,8,NA,NA,NA,NA,NA,NA,0,1,0,0,1,1,0,0,0,1,0,1,0,0,0
"250","packed_with_info",2,125,1,9,6,8,6,7,3,8,0,1,0,0,1,1,0,0,0,1,0,1,0,0,0
"251","packed_with_info",1,126,1,8,NA,NA,NA,NA,NA,NA,0,1,0,1,1,1,1,0,0,1,0,1,1,0,0
"252","packed_with_info",2,126,1,8,8,8,6,9,9,9,0,1,0,1,1,1,1,0,0,1,0,1,1,0,0
"253","packed_with_info",1,127,1,7,NA,NA,NA,NA,NA,NA,0,1,0,0,1,0,0,1,0,1,1,1,0,0,0
"254","packed_with_info",2,127,1,7,6,8,7,6,6,8,0,1,0,0,1,0,0,1,0,1,1,1,0,0,0
"255","packed_with_info",1,128,1,8,NA,NA,NA,NA,NA,NA,0,1,0,1,1,1,0,0,1,1,1,1,0,1,0
"256","packed_with_info",2,128,1,9,6,9,7,10,10,9,0,1,0,1,1,1,0,0,1,1,1,1,0,1,0
"257","packed_with_info",1,129,1,7,NA,NA,NA,NA,NA,NA,0,1,0,0,1,1,1,0,0,1,0,0,0,1,0
"258","packed_with_info",2,129,1,7,6,10,5,7,7,8,0,1,0,0,1,1,1,0,0,1,0,0,0,1,0
"259","packed_with_info",1,130,1,8,NA,NA,NA,NA,NA,NA,0,1,0,0,1,0,1,0,0,0,0,0,0,1,0
"260","packed_with_info",2,130,1,8,5,9,8,8,3,8,0,1,0,0,1,0,1,0,0,0,0,0,0,1,0
"261","packed_with_info",1,131,1,8,NA,NA,NA,NA,NA,NA,0,1,0,1,1,1,0,0,0,1,1,0,1,0,0
"262","packed_with_info",2,131,1,7,2,2,1,7,5,7,0,1,0,1,1,1,0,0,0,1,1,0,1,0,0
"263","packed_with_info",1,132,1,10,NA,NA,NA,NA,NA,NA,0,1,0,0,1,1,0,0,1,1,0,1,0,0,0
"264","packed_with_info",2,132,1,9,8,10,10,10,5,10,0,1,0,0,1,1,0,0,1,1,0,1,0,0,0
"265","packed_with_info",1,133,1,5,NA,NA,NA,NA,NA,NA,0,1,0,0,0,1,0,1,0,0,1,1,0,0,0
"266","packed_with_info",2,133,1,6,2,6,5,7,1,8,0,1,0,0,0,1,0,1,0,0,1,1,0,0,0
"267","packed_with_info",1,134,1,9,NA,NA,NA,NA,NA,NA,0,1,0,1,1,1,1,0,0,1,1,1,0,0,0
"268","packed_with_info",2,134,1,8,6,9,8,9,9,8,0,1,0,1,1,1,1,0,0,1,1,1,0,0,0
"269","packed_with_info",1,135,1,8,NA,NA,NA,NA,NA,NA,0,1,0,1,1,1,1,0,0,1,1,0,1,0,0
"270","packed_with_info",2,135,1,7,7,8,8,6,6,10,0,1,0,1,1,1,1,0,0,1,1,0,1,0,0
"271","packed_with_info",1,136,1,7,NA,NA,NA,NA,NA,NA,0,1,0,1,1,0,0,1,0,1,0,1,0,0,0
"272","packed_with_info",2,136,1,7,6,9,6,9,4,7,0,1,0,1,1,0,0,1,0,1,0,1,0,0,0
"273","packed_with_info",1,137,1,8,NA,NA,NA,NA,NA,NA,0,1,0,1,1,1,0,1,0,1,0,0,1,0,0
"274","packed_with_info",2,137,1,8,7,8,6,9,7,9,0,1,0,1,1,1,0,1,0,1,0,0,1,0,0
"275","packed_with_info",1,138,1,4,NA,NA,NA,NA,NA,NA,0,1,0,1,1,1,0,1,0,1,0,1,1,0,0
"276","packed_with_info",2,138,1,8,7,4,8,7,3,9,0,1,0,1,1,1,0,1,0,1,0,1,1,0,0
"277","packed_with_info",1,139,1,8,NA,NA,NA,NA,NA,NA,0,1,0,0,1,0,0,1,0,1,1,1,0,0,0
"278","packed_with_info",2,139,1,8,8,8,7,7,6,6,0,1,0,0,1,0,0,1,0,1,1,1,0,0,0
"279","packed_with_info",1,140,1,8,NA,NA,NA,NA,NA,NA,0,1,0,1,1,1,0,1,0,1,1,0,1,1,0
"280","packed_with_info",2,140,1,9,10,8,8,8,10,9,0,1,0,1,1,1,0,1,0,1,1,0,1,1,0
"281","packed_with_info",1,141,1,5,NA,NA,NA,NA,NA,NA,0,1,0,1,1,0,1,0,0,1,0,0,1,1,0
"282","packed_with_info",2,141,1,7,7,8,5,7,7,6,0,1,0,1,1,0,1,0,0,1,0,0,1,1,0
"283","packed_with_info",1,142,1,5,NA,NA,NA,NA,NA,NA,0,1,0,0,0,0,0,0,0,1,1,1,0,1,0
"284","packed_with_info",2,142,1,6,3,2,3,8,7,5,0,1,0,0,0,0,0,0,0,1,1,1,0,1,0
"285","packed_with_info",1,143,1,6,NA,NA,NA,NA,NA,NA,0,1,0,0,1,0,1,0,0,0,0,0,1,0,0
"286","packed_with_info",2,143,1,6,7,4,6,6,6,6,0,1,0,0,1,0,1,0,0,0,0,0,1,0,0
"287","packed_with_info",1,144,1,9,NA,NA,NA,NA,NA,NA,0,1,0,1,1,1,1,0,0,1,0,0,1,1,0
"288","packed_with_info",2,144,1,9,9,9,6,8,10,9,0,1,0,1,1,1,1,0,0,1,0,0,1,1,0
"289","packed_with_info",1,145,1,6,NA,NA,NA,NA,NA,NA,0,1,0,0,1,1,0,0,0,0,0,0,1,1,0
"290","packed_with_info",2,145,1,6,3,9,6,3,9,3,0,1,0,0,1,1,0,0,0,0,0,0,1,1,0
"291","packed_with_info",1,146,1,8,NA,NA,NA,NA,NA,NA,0,1,0,1,1,1,1,0,0,1,0,0,1,1,0
"292","packed_with_info",2,146,1,9,8,8,7,8,10,10,0,1,0,1,1,1,1,0,0,1,0,0,1,1,0
"293","packed_with_info",1,147,1,5,NA,NA,NA,NA,NA,NA,0,1,0,0,0,1,0,0,0,1,0,1,0,0,0
"294","packed_with_info",2,147,1,7,4,6,4,7,1,10,0,1,0,0,0,1,0,0,0,1,0,1,0,0,0
"295","packed_with_info",1,148,1,7,NA,NA,NA,NA,NA,NA,0,1,0,0,0,1,0,1,0,1,1,0,0,0,0
"296","packed_with_info",2,148,1,7,6,6,6,7,7,9,0,1,0,0,0,1,0,1,0,1,1,0,0,0,0
"297","packed_with_info",1,149,1,6,NA,NA,NA,NA,NA,NA,0,1,0,0,0,0,0,0,0,1,1,0,0,0,0
"298","packed_with_info",2,149,1,6,6,6,4,8,8,8,0,1,0,0,0,0,0,0,0,1,1,0,0,0,0
"299","packed_with_info",1,150,1,6,NA,NA,NA,NA,NA,NA,0,1,0,1,1,0,0,0,1,1,0,0,1,0,0
"300","packed_with_info",2,150,1,7,7,6,3,7,2,7,0,1,0,1,1,0,0,0,1,1,0,0,1,0,0
"301","packed_with_info",1,151,1,10,NA,NA,NA,NA,NA,NA,0,1,0,1,1,1,1,0,0,0,1,0,1,1,0
"302","packed_with_info",2,151,1,9,7,10,7,6,8,8,0,1,0,1,1,1,1,0,0,0,1,0,1,1,0
"303","packed_with_info",1,152,1,7,NA,NA,NA,NA,NA,NA,0,1,0,1,1,1,0,0,0,0,0,1,0,0,0
"304","packed_with_info",2,152,1,7,6,7,7,6,9,9,0,1,0,1,1,1,0,0,0,0,0,1,0,0,0
"305","packed_with_info",1,153,1,9,NA,NA,NA,NA,NA,NA,0,1,0,1,1,1,0,0,0,1,1,1,0,1,0
"306","packed_with_info",2,153,1,8,6,8,5,7,5,9,0,1,0,1,1,1,0,0,0,1,1,1,0,1,0
"307","packed_with_info",1,154,1,4,NA,NA,NA,NA,NA,NA,0,1,0,0,1,1,0,0,0,0,1,0,1,1,0
"308","packed_with_info",2,154,1,5,1,1,5,7,3,7,0,1,0,0,1,1,0,0,0,0,1,0,1,1,0
"309","packed_with_info",1,155,1,8,NA,NA,NA,NA,NA,NA,0,1,0,1,1,1,0,0,1,1,0,1,0,1,0
"310","packed_with_info",2,155,1,8,8,8,6,7,6,6,0,1,0,1,1,1,0,0,1,1,0,1,0,1,0
"311","packed_with_info",1,156,1,5,NA,NA,NA,NA,NA,NA,0,1,0,1,1,0,1,0,0,1,0,0,0,0,0
"312","packed_with_info",2,156,1,6,1,8,7,8,1,4,0,1,0,1,1,0,1,0,0,1,0,0,0,0,0
"313","packed_with_info",1,157,1,9,NA,NA,NA,NA,NA,NA,0,1,0,0,0,1,0,1,0,1,1,0,0,1,1
"314","packed_with_info",2,157,1,8,8,10,7,8,10,8,0,1,0,0,0,1,0,1,0,1,1,0,0,1,1
"315","packed_with_info",1,158,1,7,NA,NA,NA,NA,NA,NA,0,1,0,0,1,1,1,0,0,1,1,1,0,0,0
"316","packed_with_info",2,158,1,8,8,6,8,8,5,10,0,1,0,0,1,1,1,0,0,1,1,1,0,0,0
"317","packed_with_info",1,159,1,9,NA,NA,NA,NA,NA,NA,0,1,0,1,1,1,0,0,0,1,1,0,1,1,0
"318","packed_with_info",2,159,1,7,8,7,6,9,8,7,0,1,0,1,1,1,0,0,0,1,1,0,1,1,0
"319","packed_with_info",1,160,1,8,NA,NA,NA,NA,NA,NA,0,1,0,1,1,1,1,0,0,1,0,1,1,1,0
"320","packed_with_info",2,160,1,8,7,9,7,8,9,9,0,1,0,1,1,1,1,0,0,1,0,1,1,1,0
"321","packed_with_info",1,161,1,9,NA,NA,NA,NA,NA,NA,0,1,0,0,1,1,1,0,0,1,0,0,1,0,0
"322","packed_with_info",2,161,1,9,8,7,8,9,8,8,0,1,0,0,1,1,1,0,0,1,0,0,1,0,0
"323","packed_with_info",1,162,1,8,NA,NA,NA,NA,NA,NA,0,1,0,1,1,1,0,0,0,1,0,0,1,1,0
"324","packed_with_info",2,162,1,8,6,9,8,9,9,8,0,1,0,1,1,1,0,0,0,1,0,0,1,1,0
"325","packed_with_info",1,163,1,9,NA,NA,NA,NA,NA,NA,0,1,0,1,1,0,0,0,0,1,1,1,0,0,0
"326","packed_with_info",2,163,1,10,10,10,10,10,1,4,0,1,0,1,1,0,0,0,0,1,1,1,0,0,0
"327","packed_with_info",1,164,1,1,NA,NA,NA,NA,NA,NA,0,1,0,1,1,0,0,0,0,0,0,0,1,0,0
"328","packed_with_info",2,164,1,6,6,8,4,6,1,5,0,1,0,1,1,0,0,0,0,0,0,0,1,0,0
"329","packed_with_info",1,165,1,6,NA,NA,NA,NA,NA,NA,0,1,0,1,1,1,0,0,0,1,0,0,1,0,0
"330","packed_with_info",2,165,1,6,2,4,8,8,3,9,0,1,0,1,1,1,0,0,0,1,0,0,1,0,0
"331","packed_with_info",1,166,1,7,NA,NA,NA,NA,NA,NA,0,1,0,1,1,1,1,0,0,0,0,0,1,0,0
"332","packed_with_info",2,166,1,8,7,9,8,8,6,8,0,1,0,1,1,1,1,0,0,0,0,0,1,0,0
"333","packed_with_info",1,167,1,7,NA,NA,NA,NA,NA,NA,0,1,0,1,1,1,0,0,0,1,1,0,1,0,0
"334","packed_with_info",2,167,1,7,6,8,7,9,1,8,0,1,0,1,1,1,0,0,0,1,1,0,1,0,0
"335","packed_with_info",1,168,1,9,NA,NA,NA,NA,NA,NA,0,1,0,1,1,0,0,0,0,0,1,1,0,0,0
"336","packed_with_info",2,168,1,9,5,8,8,9,9,5,0,1,0,1,1,0,0,0,0,0,1,1,0,0,0
"337","packed_with_info",1,169,1,8,NA,NA,NA,NA,NA,NA,0,1,0,1,0,1,0,0,0,1,1,1,0,1,0
"338","packed_with_info",2,169,1,9,5,10,7,10,5,10,0,1,0,1,0,1,0,0,0,1,1,1,0,1,0
"339","packed_with_info",1,170,1,8,NA,NA,NA,NA,NA,NA,0,1,0,1,1,1,0,1,0,1,1,0,1,1,0
"340","packed_with_info",2,170,1,9,8,9,8,10,10,8,0,1,0,1,1,1,0,1,0,1,1,0,1,1,0
"341","packed_with_info",1,171,0,7,NA,NA,NA,NA,NA,NA,0,1,0,1,1,1,0,0,0,1,0,0,1,1,0
"342","packed_with_info",2,171,0,NA,NA,NA,NA,NA,NA,NA,0,1,0,1,1,1,0,0,0,1,0,0,1,1,0
"343","packed_with_info",1,172,0,5,NA,NA,NA,NA,NA,NA,0,1,0,1,1,0,0,1,0,0,0,1,0,1,0
"344","packed_with_info",2,172,0,NA,NA,NA,NA,NA,NA,NA,0,1,0,1,1,0,0,1,0,0,0,1,0,1,0
"345","packed_with_info",1,173,0,8,NA,NA,NA,NA,NA,NA,0,1,0,1,1,0,0,1,0,1,1,1,0,1,0
"346","packed_with_info",2,173,0,NA,NA,NA,NA,NA,NA,NA,0,1,0,1,1,0,0,1,0,1,1,1,0,1,0
"347","packed_with_info",1,174,0,8,NA,NA,NA,NA,NA,NA,0,1,0,1,1,1,0,0,1,1,1,0,1,0,0
"348","packed_with_info",2,174,0,NA,NA,NA,NA,NA,NA,NA,0,1,0,1,1,1,0,0,1,1,1,0,1,0,0
"349","packed_with_info",1,175,0,6,NA,NA,NA,NA,NA,NA,0,1,0,0,1,0,0,0,0,1,1,1,0,0,0
"350","packed_with_info",2,175,0,NA,NA,NA,NA,NA,NA,NA,0,1,0,0,1,0,0,0,0,1,1,1,0,0,0
"351","packed_with_info",1,176,0,6,NA,NA,NA,NA,NA,NA,0,1,0,1,1,1,0,0,0,0,0,1,1,1,0
"352","packed_with_info",2,176,0,NA,NA,NA,NA,NA,NA,NA,0,1,0,1,1,1,0,0,0,0,0,1,1,1,0
"353","packed_with_info",1,177,0,8,NA,NA,NA,NA,NA,NA,0,1,0,1,1,1,0,0,0,1,0,0,1,0,0
"354","packed_with_info",2,177,0,NA,NA,NA,NA,NA,NA,NA,0,1,0,1,1,1,0,0,0,1,0,0,1,0,0
"355","packed_with_info",1,178,0,3,NA,NA,NA,NA,NA,NA,0,1,0,0,0,0,0,0,0,0,1,0,0,0,0
"356","packed_with_info",2,178,0,NA,NA,NA,NA,NA,NA,NA,0,1,0,0,0,0,0,0,0,0,1,0,0,0,0
"357","packed_with_info",1,179,0,8,NA,NA,NA,NA,NA,NA,0,1,0,1,1,0,0,1,0,1,0,0,1,1,0
"358","packed_with_info",2,179,0,NA,NA,NA,NA,NA,NA,NA,0,1,0,1,1,0,0,1,0,1,0,0,1,1,0
"359","packed_with_info",1,180,0,6,NA,NA,NA,NA,NA,NA,0,1,0,1,1,0,1,0,0,1,0,0,1,0,0
"360","packed_with_info",2,180,0,NA,NA,NA,NA,NA,NA,NA,0,1,0,1,1,0,1,0,0,1,0,0,1,0,0
"361","packed_with_info",1,181,0,6,NA,NA,NA,NA,NA,NA,0,1,0,1,1,1,0,0,0,0,1,1,1,0,0
"362","packed_with_info",2,181,0,NA,NA,NA,NA,NA,NA,NA,0,1,0,1,1,1,0,0,0,0,1,1,1,0,0
"363","packed_with_info",1,182,0,10,NA,NA,NA,NA,NA,NA,0,1,0,0,1,1,0,0,1,1,1,1,0,0,0
"364","packed_with_info",2,182,0,NA,NA,NA,NA,NA,NA,NA,0,1,0,0,1,1,0,0,1,1,1,1,0,0,0
"365","packed_with_info",1,183,0,8,NA,NA,NA,NA,NA,NA,0,1,0,0,1,1,0,1,0,1,0,1,0,0,0
"366","packed_with_info",2,183,0,NA,NA,NA,NA,NA,NA,NA,0,1,0,0,1,1,0,1,0,1,0,1,0,0,0
"367","packed_with_info",1,184,0,9,NA,NA,NA,NA,NA,NA,0,1,0,1,1,1,0,0,0,0,0,0,1,1,0
"368","packed_with_info",2,184,0,NA,NA,NA,NA,NA,NA,NA,0,1,0,1,1,1,0,0,0,0,0,0,1,1,0
"369","packed_with_info",1,185,0,8,NA,NA,NA,NA,NA,NA,0,1,0,1,1,1,0,0,0,0,0,0,1,0,0
"370","packed_with_info",2,185,0,NA,NA,NA,NA,NA,NA,NA,0,1,0,1,1,1,0,0,0,0,0,0,1,0,0
"371","packed_with_info",1,186,0,5,NA,NA,NA,NA,NA,NA,0,1,0,1,1,0,1,0,0,0,0,0,1,0,0
"372","packed_with_info",2,186,0,NA,NA,NA,NA,NA,NA,NA,0,1,0,1,1,0,1,0,0,0,0,0,1,0,0
"373","packed_with_info",1,187,0,7,NA,NA,NA,NA,NA,NA,0,1,0,0,1,0,0,1,0,0,0,1,0,0,0
"374","packed_with_info",2,187,0,NA,NA,NA,NA,NA,NA,NA,0,1,0,0,1,0,0,1,0,0,0,1,0,0,0
"375","packed_with_info",1,188,0,7,NA,NA,NA,NA,NA,NA,0,1,0,0,1,0,1,0,0,1,1,1,0,0,0
"376","packed_with_info",2,188,0,NA,NA,NA,NA,NA,NA,NA,0,1,0,0,1,0,1,0,0,1,1,1,0,0,0
"377","packed_with_info",1,189,0,6,NA,NA,NA,NA,NA,NA,0,1,0,1,1,0,1,0,0,1,1,0,1,0,0
"378","packed_with_info",2,189,0,NA,NA,NA,NA,NA,NA,NA,0,1,0,1,1,0,1,0,0,1,1,0,1,0,0
"379","packed_with_info",1,190,0,6,NA,NA,NA,NA,NA,NA,0,1,0,1,1,0,1,0,0,1,1,0,1,0,0
"380","packed_with_info",2,190,0,NA,NA,NA,NA,NA,NA,NA,0,1,0,1,1,0,1,0,0,1,1,0,1,0,0
"381","packed_with_info",1,191,0,9,NA,NA,NA,NA,NA,NA,0,1,0,1,1,1,0,0,1,1,1,0,0,0,0
"382","packed_with_info",2,191,0,NA,NA,NA,NA,NA,NA,NA,0,1,0,1,1,1,0,0,1,1,1,0,0,0,0
"383","packed_with_info",1,192,0,8,NA,NA,NA,NA,NA,NA,0,1,0,1,1,0,0,1,0,1,1,0,0,0,0
"384","packed_with_info",2,192,0,NA,NA,NA,NA,NA,NA,NA,0,1,0,1,1,0,0,1,0,1,1,0,0,0,0
"385","packed_with_info",1,193,0,5,NA,NA,NA,NA,NA,NA,0,1,0,1,1,1,0,0,0,0,0,0,0,1,0
"386","packed_with_info",2,193,0,NA,NA,NA,NA,NA,NA,NA,0,1,0,1,1,1,0,0,0,0,0,0,0,1,0
"387","packed_with_info",1,194,0,7,NA,NA,NA,NA,NA,NA,0,1,0,0,1,1,0,0,0,1,0,1,0,0,0
"388","packed_with_info",2,194,0,NA,NA,NA,NA,NA,NA,NA,0,1,0,0,1,1,0,0,0,1,0,1,0,0,0
"389","packed_with_info",1,195,0,7,NA,NA,NA,NA,NA,NA,0,1,0,1,1,1,1,0,0,1,1,0,1,1,0
"390","packed_with_info",2,195,0,NA,NA,NA,NA,NA,NA,NA,0,1,0,1,1,1,1,0,0,1,1,0,1,1,0
"391","packed_with_info",1,196,0,2,NA,NA,NA,NA,NA,NA,0,1,0,0,0,1,0,0,0,0,1,0,0,1,1
"392","packed_with_info",2,196,0,NA,NA,NA,NA,NA,NA,NA,0,1,0,0,0,1,0,0,0,0,1,0,0,1,1
"393","packed_with_info",1,197,0,3,NA,NA,NA,NA,NA,NA,0,1,0,1,1,0,0,0,0,0,0,0,1,1,0
"394","packed_with_info",2,197,0,NA,NA,NA,NA,NA,NA,NA,0,1,0,1,1,0,0,0,0,0,0,0,1,1,0
"395","packed_with_info",1,198,0,7,NA,NA,NA,NA,NA,NA,0,1,0,1,0,1,1,0,0,1,1,0,0,1,0
"396","packed_with_info",2,198,0,NA,NA,NA,NA,NA,NA,NA,0,1,0,1,0,1,1,0,0,1,1,0,0,1,0
"397","packed_with_info",1,199,0,6,NA,NA,NA,NA,NA,NA,0,1,0,1,1,0,1,0,0,1,0,1,0,0,0
"398","packed_with_info",2,199,0,NA,NA,NA,NA,NA,NA,NA,0,1,0,1,1,0,1,0,0,1,0,1,0,0,0
"399","packed_with_info",1,200,0,5,NA,NA,NA,NA,NA,NA,0,1,0,1,1,1,0,1,0,0,0,1,0,1,0
"400","packed_with_info",2,200,0,NA,NA,NA,NA,NA,NA,NA,0,1,0,1,1,1,0,1,0,0,0,1,0,1,0
"401","packed_with_info",1,201,0,8,NA,NA,NA,NA,NA,NA,0,1,0,0,1,1,0,1,0,1,1,1,0,0,0
"402","packed_with_info",2,201,0,NA,NA,NA,NA,NA,NA,NA,0,1,0,0,1,1,0,1,0,1,1,1,0,0,0
"403","packed_with_info",1,202,0,6,NA,NA,NA,NA,NA,NA,0,1,0,1,1,1,0,0,0,0,1,0,1,1,0
"404","packed_with_info",2,202,0,NA,NA,NA,NA,NA,NA,NA,0,1,0,1,1,1,0,0,0,0,1,0,1,1,0
"405","unpacked",1,203,1,7,4,6,5,7,2,6,0,0,1,1,1,0,0,0,1,0,0,1,0,0,0
"407","unpacked",1,204,1,9,8,9,7,10,9,7,0,0,1,1,1,1,0,0,1,1,0,1,0,1,0
"409","unpacked",1,205,1,8,8,8,8,8,8,8,0,0,1,1,1,1,1,0,0,1,0,1,0,0,0
"411","unpacked",1,206,1,7,9,10,5,7,9,6,0,0,1,1,1,1,0,0,1,0,1,1,1,0,0
"413","unpacked",1,207,1,6,8,7,6,7,3,7,0,0,1,1,1,1,0,0,1,0,0,1,1,0,0
"415","unpacked",1,208,1,6,7,4,7,9,5,8,0,0,1,0,1,0,1,0,0,1,0,1,0,0,0
"417","unpacked",1,209,1,9,8,9,7,8,10,8,0,0,1,1,1,1,0,1,0,1,0,1,0,0,0
"419","unpacked",1,210,1,7,4,7,3,7,9,8,0,0,1,0,1,1,0,0,0,0,0,1,0,0,0
"421","unpacked",1,211,1,7,6,5,5,9,4,10,0,0,1,1,1,1,1,0,0,1,0,0,0,0,0
"423","unpacked",1,212,1,9,5,10,8,10,10,9,0,0,1,0,0,1,0,1,0,0,1,1,0,1,1
"425","unpacked",1,213,1,10,8,10,10,10,10,10,0,0,1,0,1,1,0,0,0,1,1,1,1,0,0
"427","unpacked",1,214,1,8,6,5,8,9,8,8,0,0,1,0,1,1,0,1,0,1,0,1,1,0,0
"429","unpacked",1,215,1,8,7,8,8,9,9,7,0,0,1,1,0,1,0,1,0,0,1,1,0,1,1
"431","unpacked",1,216,1,7,9,8,8,7,2,9,0,0,1,1,1,1,0,0,1,0,0,1,1,0,0
"433","unpacked",1,217,1,6,3,6,3,5,5,8,0,0,1,0,0,1,0,1,0,0,1,1,0,1,1
"435","unpacked",1,218,1,8,6,8,8,10,7,7,0,0,1,1,1,0,0,0,1,0,0,1,1,0,0
"437","unpacked",1,219,1,7,8,8,8,8,7,7,0,0,1,1,1,0,0,1,0,0,0,1,0,0,0
"439","unpacked",1,220,1,8,5,10,7,8,10,8,0,0,1,0,1,1,0,0,1,0,0,1,0,0,0
"441","unpacked",1,221,1,9,8,10,9,9,10,10,0,0,1,1,1,1,0,1,0,1,1,1,0,0,0
"443","unpacked",1,222,1,8,10,6,6,9,8,9,0,0,1,1,1,1,0,0,1,0,0,1,1,0,0
"445","unpacked",1,223,1,9,8,10,9,10,3,7,0,0,1,1,1,1,0,0,1,1,1,1,0,0,0
"447","unpacked",1,224,1,8,6,7,8,9,1,10,0,0,1,0,1,1,0,1,0,1,0,1,0,0,0
"449","unpacked",1,225,1,6,4,4,5,5,7,7,0,0,1,1,1,1,1,0,0,0,0,1,0,0,0
"451","unpacked",1,226,1,6,6,4,6,9,6,6,0,0,1,0,0,0,1,0,0,1,1,0,0,1,1
"453","unpacked",1,227,1,6,3,7,8,10,10,2,0,0,1,0,1,0,1,0,0,1,1,1,0,1,0
"455","unpacked",1,228,1,7,7,6,9,5,9,7,0,0,1,1,1,1,0,0,1,1,1,1,0,0,0
"457","unpacked",1,229,1,8,3,9,4,10,6,9,0,0,1,1,1,1,0,0,0,1,1,1,0,0,0
"459","unpacked",1,230,1,8,3,5,7,9,5,9,0,0,1,1,1,1,0,0,0,1,1,1,1,0,0
"461","unpacked",1,231,1,9,9,9,9,8,9,9,0,0,1,1,1,1,0,0,1,1,1,1,1,0,0
"463","unpacked",1,232,1,8,8,9,6,8,10,5,0,0,1,0,0,0,1,0,0,1,0,0,0,1,1
"465","unpacked",1,233,1,8,9,8,7,9,7,8,0,0,1,1,1,1,0,0,1,1,0,1,0,0,0
"467","unpacked",1,234,1,6,4,7,7,7,6,7,0,0,1,0,0,0,0,0,0,0,0,0,0,0,0
"469","unpacked",1,235,1,6,6,7,10,9,2,8,0,0,1,1,1,0,0,1,0,0,1,1,1,0,0
"471","unpacked",1,236,1,8,9,8,8,10,1,9,0,0,1,1,1,1,0,0,1,1,1,1,1,0,0
"473","unpacked",1,237,1,8,6,8,6,8,1,8,0,0,1,1,1,1,0,1,0,1,0,1,0,0,0
"475","unpacked",1,238,1,7,3,8,2,8,8,8,0,0,1,0,0,1,1,0,0,1,1,0,0,1,1
"477","unpacked",1,239,1,7,5,7,7,7,6,6,0,0,1,0,1,1,0,0,1,1,0,1,1,0,0
"479","unpacked",1,240,1,7,3,10,5,8,9,8,0,0,1,0,1,0,1,0,0,0,0,1,0,0,1
"481","unpacked",1,241,1,9,7,8,5,8,8,9,0,0,1,1,0,1,1,0,0,1,1,0,0,1,1
"483","unpacked",1,242,1,8,7,9,8,9,4,8,0,0,1,0,0,0,1,0,0,1,0,1,0,0,0
"485","unpacked",1,243,1,8,8,9,6,7,9,8,0,0,1,1,1,1,0,0,1,0,0,1,1,0,0
"487","unpacked",1,244,1,6,4,6,3,3,4,8,0,0,1,0,0,1,0,1,0,0,1,1,0,1,1
"489","unpacked",1,245,1,9,9,8,8,9,10,8,0,0,1,1,1,1,0,0,1,1,1,1,1,0,0
"491","unpacked",1,246,1,8,1,8,10,8,4,6,0,0,1,1,1,0,0,0,0,1,0,1,0,0,0
"493","unpacked",1,247,1,7,5,9,7,9,9,9,0,0,1,1,0,1,0,0,0,1,1,1,0,0,0
"495","unpacked",1,248,1,7,5,6,6,6,7,7,0,0,1,1,1,1,0,0,0,1,1,0,0,0,0
"497","unpacked",1,249,1,7,5,8,8,8,5,8,0,0,1,1,0,1,1,0,0,1,1,1,0,0,0
"499","unpacked",1,250,1,10,9,8,9,10,8,10,0,0,1,1,0,1,0,0,1,1,0,1,0,1,0
"501","unpacked",1,251,1,8,6,9,9,8,8,7,0,0,1,0,0,1,1,0,0,0,1,0,0,1,1
"503","unpacked",1,252,1,5,6,4,6,8,1,7,0,0,1,1,1,1,0,0,0,1,1,0,0,0,0
"505","unpacked",1,253,1,8,2,10,5,10,6,9,0,0,1,0,0,1,0,0,0,1,1,1,0,0,0
"507","unpacked",1,254,1,7,1,7,5,9,6,7,0,0,1,0,1,1,0,0,0,1,1,0,0,0,0
"509","unpacked",1,255,1,3,2,4,3,6,1,6,0,0,1,1,0,0,1,0,0,1,1,0,0,0,0
"511","unpacked",1,256,1,7,1,5,5,8,1,8,0,0,1,1,1,0,1,0,0,1,0,0,0,0,0
"513","unpacked",1,257,1,8,6,10,7,8,9,7,0,0,1,1,1,1,1,0,0,1,0,0,0,1,0
"515","unpacked",1,258,1,8,5,10,8,7,6,9,0,0,1,0,1,1,0,1,0,1,1,1,0,0,0
"517","unpacked",1,259,1,8,7,7,8,7,9,7,0,0,1,0,1,0,1,0,0,0,1,1,0,0,0
"519","unpacked",1,260,1,10,6,9,7,9,1,10,0,0,1,1,1,1,0,0,0,1,0,1,0,0,0
"521","unpacked",1,261,1,7,6,5,8,7,5,9,0,0,1,0,0,1,1,0,0,1,0,1,0,0,0
"523","unpacked",1,262,1,9,6,9,8,8,9,8,0,0,1,1,0,0,0,0,0,0,0,0,0,1,1
"525","unpacked",1,263,1,7,2,9,8,10,6,4,0,0,1,1,1,0,0,0,0,1,0,1,0,0,0
"527","unpacked",1,264,1,7,5,4,10,7,4,8,0,0,1,0,0,1,0,1,0,0,1,0,0,0,1
"529","unpacked",1,265,1,8,7,7,7,8,2,8,0,0,1,1,0,0,0,1,0,1,1,0,0,0,1
"531","unpacked",1,266,1,7,10,8,6,6,2,9,0,0,1,0,1,1,0,1,0,0,1,1,0,0,0
"533","unpacked",1,267,1,9,7,8,10,9,10,6,0,0,1,1,1,0,1,0,0,1,0,1,1,0,0
"535","unpacked",1,268,1,8,7,10,7,10,9,8,0,0,1,1,1,1,0,0,0,1,0,1,0,0,0
"537","unpacked",1,269,1,7,7,6,7,8,1,8,0,0,1,1,1,1,0,0,1,0,1,0,1,0,0
"539","unpacked",1,270,1,9,8,10,6,7,8,9,0,0,1,0,1,1,0,1,0,1,1,0,0,0,0
"541","unpacked",1,271,1,9,8,10,10,8,7,8,0,0,1,0,1,1,1,0,0,1,1,1,0,0,0
"543","unpacked",1,272,1,6,5,4,8,8,4,7,0,0,1,0,0,1,0,0,1,1,0,0,0,1,1
"545","unpacked",1,273,1,7,5,5,6,7,9,4,0,0,1,0,1,0,0,0,0,1,1,1,1,0,0
"547","unpacked",1,274,1,8,8,6,8,5,5,10,0,0,1,0,0,1,1,0,0,0,1,1,0,0,0
"549","unpacked",1,275,1,10,8,10,10,10,10,9,0,0,1,0,0,1,0,1,0,0,1,1,1,1,1
"551","unpacked",1,276,1,8,7,8,4,8,9,8,0,0,1,0,1,0,0,1,0,1,1,0,0,0,0
"553","unpacked",1,277,1,6,7,7,1,6,2,8,0,0,1,0,0,1,0,0,0,1,0,0,0,0,0
"555","unpacked",1,278,1,5,2,9,1,3,9,3,0,0,1,1,1,0,0,0,0,1,0,1,0,0,0
"557","unpacked",1,279,1,6,2,6,2,9,8,7,0,0,1,1,1,0,0,0,0,0,0,1,0,0,0
"559","unpacked",1,280,1,9,10,8,10,7,8,10,0,0,1,1,1,1,0,0,1,0,0,1,1,0,0
"561","unpacked",1,281,1,8,9,9,6,3,4,10,0,0,1,1,1,1,0,0,1,1,0,0,0,0,0
"563","unpacked",1,282,1,7,6,10,1,8,3,7,0,0,1,0,1,0,1,0,0,1,0,1,0,0,0
"565","unpacked",1,283,1,7,3,9,3,7,8,8,0,0,1,1,1,1,0,0,0,0,1,1,1,0,0
"567","unpacked",1,284,1,6,7,9,7,8,1,3,0,0,1,1,0,0,1,0,0,1,1,1,0,0,0
"569","unpacked",1,285,1,5,1,7,1,8,1,8,0,0,1,0,0,1,0,0,0,1,1,1,0,0,0
"571","unpacked",1,286,1,8,7,9,7,6,10,9,0,0,1,1,0,1,0,1,0,0,0,1,1,0,1
"573","unpacked",1,287,1,8,5,10,8,8,9,9,0,0,1,1,1,1,1,0,0,1,0,0,0,1,0
"575","unpacked",1,288,1,8,5,8,8,7,10,10,0,0,1,1,1,1,0,0,0,0,1,1,0,0,0
"577","unpacked",1,289,1,7,7,7,6,7,3,8,0,0,1,0,1,1,0,0,0,1,0,0,1,0,0
"579","unpacked",1,290,1,10,8,10,10,9,5,10,0,0,1,0,1,1,0,1,0,1,1,1,0,0,0
"581","unpacked",1,291,1,6,8,5,4,10,1,4,0,0,1,1,0,1,1,0,0,1,0,1,0,0,0
"583","unpacked",1,292,1,7,8,6,8,6,1,7,0,0,1,0,1,1,0,1,0,1,0,1,0,0,0
"585","unpacked",1,293,1,8,8,10,6,9,10,10,0,0,1,1,1,1,1,0,0,0,0,1,1,0,0
"587","unpacked",1,294,1,7,8,6,8,9,7,9,0,0,1,0,1,1,0,0,1,1,1,1,0,0,0
"589","unpacked",1,295,1,9,5,10,8,10,3,8,0,0,1,1,1,1,1,0,0,1,0,1,0,0,0
"591","unpacked",1,296,1,8,3,10,10,10,10,6,0,0,1,1,1,1,0,0,0,1,0,1,0,0,0
"593","unpacked",1,297,1,9,6,9,7,8,7,8,0,0,1,1,1,1,1,0,0,1,0,0,0,0,0
"595","unpacked",1,298,1,9,8,10,9,10,10,9,0,0,1,1,1,1,0,0,1,0,0,1,0,0,0
"597","unpacked",1,299,1,6,6,7,4,6,7,6,0,0,1,0,0,0,0,1,0,0,1,1,0,1,0
"599","unpacked",1,300,1,7,7,9,4,6,9,9,0,0,1,0,1,1,0,1,0,0,0,1,0,1,0
"601","unpacked",1,301,1,5,1,9,3,10,7,9,0,0,1,1,0,1,0,0,0,1,1,1,0,0,0
"603","unpacked",1,302,1,6,8,4,8,6,1,9,0,0,1,0,0,1,0,1,0,0,0,1,0,0,0
"605","unpacked",1,303,1,6,3,8,8,9,6,2,0,0,1,1,0,0,1,0,0,0,1,0,1,0,1
"607","unpacked",1,304,1,8,5,8,7,8,9,9,0,0,1,0,1,1,0,0,0,0,1,1,0,0,0
"609","unpacked",1,305,1,7,3,7,7,8,8,6,0,0,1,0,0,0,0,1,0,0,1,0,0,1,1
"611","unpacked",1,306,1,7,4,5,5,8,4,8,0,0,1,1,0,1,0,1,0,0,0,1,1,1,1
"613","unpacked",1,307,1,7,3,6,8,4,8,8,0,0,1,1,0,1,0,0,0,1,1,1,1,1,1
"615","unpacked",1,308,1,7,8,9,8,7,9,6,0,0,1,0,1,1,0,0,1,0,1,1,0,0,0
"617","unpacked",1,309,1,7,8,5,6,6,2,6,0,0,1,1,1,0,0,0,0,1,0,0,0,0,0
"619","unpacked",1,310,1,8,9,8,9,7,7,6,0,0,1,0,0,1,0,0,1,0,0,1,1,1,1
"621","unpacked",1,311,1,8,8,9,7,7,10,6,0,0,1,0,0,1,0,0,1,0,0,1,1,1,1
"623","unpacked",1,312,1,6,3,9,1,1,9,5,0,0,1,0,0,0,0,1,0,0,1,0,0,1,1
"625","unpacked",1,313,1,8,6,7,6,9,9,9,0,0,1,1,1,1,0,1,0,0,0,1,0,1,0
"627","unpacked",1,314,1,5,2,3,5,9,3,3,0,0,1,1,1,0,0,0,0,1,1,1,0,0,0
"629","unpacked",1,315,1,6,6,5,5,7,3,8,0,0,1,0,1,1,0,1,0,1,1,1,0,0,0
"631","unpacked",1,316,1,7,8,6,6,8,6,7,0,0,1,0,1,0,0,0,1,1,1,1,1,0,0
"633","unpacked",1,317,1,8,8,9,8,6,5,9,0,0,1,1,1,1,0,0,0,1,0,1,1,0,0
"635","unpacked",1,318,1,10,8,10,4,10,10,8,0,0,1,1,0,1,0,0,0,0,0,1,0,1,1
"637","unpacked",1,319,1,9,10,10,9,10,7,10,0,0,1,1,1,1,0,0,1,1,0,1,1,0,0
"639","unpacked",1,320,1,8,6,9,8,8,10,8,0,0,1,1,1,1,1,0,0,0,0,0,0,1,0
"641","unpacked",1,321,1,7,7,5,6,7,9,9,0,0,1,0,1,1,1,0,0,0,1,0,1,1,0
"643","unpacked",1,322,1,7,6,7,8,9,1,9,0,0,1,0,1,1,0,0,0,1,1,0,1,0,0
"645","unpacked",1,323,1,7,6,5,7,7,10,8,0,0,1,0,1,0,0,0,0,0,0,1,0,1,0
"647","unpacked",1,324,1,8,7,5,8,7,6,9,0,0,1,1,1,1,1,0,0,0,1,0,1,1,0
"649","unpacked",1,325,1,8,4,10,4,9,9,7,0,0,1,1,1,1,1,0,0,1,0,0,1,0,0
"651","unpacked",1,326,1,7,6,7,6,9,3,7,0,0,1,1,0,1,1,0,0,1,0,0,1,0,0
"653","unpacked",1,327,1,7,7,4,7,7,8,8,0,0,1,0,1,1,1,0,0,0,1,0,1,1,0
"655","unpacked",1,328,1,7,7,7,4,8,3,6,0,0,1,1,1,1,0,1,0,0,0,0,1,0,0
"657","unpacked",1,329,1,7,7,8,6,6,8,8,0,0,1,1,0,1,1,0,0,0,0,0,1,0,0
"659","unpacked",1,330,1,8,3,10,5,8,10,8,0,0,1,1,0,0,0,1,0,1,0,1,1,0,0
"661","unpacked",1,331,1,8,5,7,7,5,10,10,0,0,1,1,0,1,1,0,0,0,0,0,1,0,0
"663","unpacked",1,332,1,9,6,6,6,6,6,6,0,0,1,0,0,0,1,0,0,0,0,0,1,1,1
"665","unpacked",1,333,1,8,4,9,6,7,9,9,0,0,1,0,1,1,1,0,0,0,0,0,1,0,0
"667","unpacked",1,334,1,6,6,6,5,4,8,5,0,0,1,0,0,0,1,0,0,1,0,0,1,1,0
"669","unpacked",1,335,1,7,7,5,6,4,6,5,0,0,1,0,0,1,0,1,0,0,1,0,1,1,0
"671","unpacked",1,336,1,6,6,6,6,7,6,6,0,0,1,0,0,0,1,0,0,1,0,1,1,0,0
"673","unpacked",1,337,1,8,8,10,7,10,10,10,0,0,1,1,1,1,0,0,0,1,0,0,0,1,0
"675","unpacked",1,338,1,10,9,9,8,9,9,8,0,0,1,1,1,1,0,0,1,1,1,1,0,1,0
"677","unpacked",1,339,1,10,9,8,9,7,8,9,0,0,1,0,0,1,0,0,1,1,1,1,0,1,1
"679","unpacked",1,340,1,10,8,8,9,10,7,8,0,0,1,1,0,1,0,1,0,1,1,1,0,0,0
"681","unpacked",1,341,1,8,6,7,10,9,8,6,0,0,1,1,1,0,1,0,0,1,1,1,0,1,0
"683","unpacked",1,342,1,8,7,6,7,7,9,10,0,0,1,1,1,1,0,1,0,0,1,0,0,1,0
