trattamento,tornata,id,risposta,lifesatisfaction,lsreddito,lsfamiglia,lslavorostudio,lsamici,lsrelsentimentali,lssalute,packednodom,packedsidom,unpacked,female,young,goodhealth,income2,income3,income4,friendsoften,association,highedu,north,partner,children
packed_no_info,1,1,1,7,0,0,0,0,0,0,1,0,0,0,1,1,0,1,0,1,1,1,1,0,0
packed_no_info,2,1,1,8,3,8,5,8,9,9,1,0,0,0,1,1,0,1,0,1,1,1,1,0,0
packed_no_info,1,2,1,6,0,0,0,0,0,0,1,0,0,1,0,1,1,0,0,1,0,1,0,0,0
packed_no_info,2,2,1,8,6,8,4,6,6,8,1,0,0,1,0,1,1,0,0,1,0,1,0,0,0
packed_no_info,1,3,1,5,0,0,0,0,0,0,1,0,0,0,1,1,0,0,1,0,0,0,1,0,0
packed_no_info,2,3,1,8,7,6,7,8,8,9,1,0,0,0,1,1,0,0,1,0,0,0,1,0,0
packed_no_info,1,4,1,9,0,0,0,0,0,0,1,0,0,0,1,0,0,1,0,1,0,1,1,1,0
packed_no_info,2,4,1,8,7,7,9,9,2,9,1,0,0,0,1,0,0,1,0,1,0,1,1,1,0
packed_no_info,1,5,1,7,0,0,0,0,0,0,1,0,0,0,1,1,0,1,0,1,1,1,0,0,0
packed_no_info,2,5,1,8,7,8,7,9,7,9,1,0,0,0,1,1,0,1,0,1,1,1,0,0,0
packed_no_info,1,6,1,8,0,0,0,0,0,0,1,0,0,1,1,1,1,0,0,1,0,0,1,1,0
packed_no_info,2,6,1,8,8,7,6,9,5,9,1,0,0,1,1,1,1,0,0,1,0,0,1,1,0
packed_no_info,1,7,1,7,0,0,0,0,0,0,1,0,0,1,1,0,1,0,0,1,0,0,1,0,0
packed_no_info,2,7,1,9,8,10,8,10,10,8,1,0,0,1,1,0,1,0,0,1,0,0,1,0,0
packed_no_info,1,8,1,9,0,0,0,0,0,0,1,0,0,1,1,1,0,0,1,1,1,1,0,1,0
packed_no_info,2,8,1,6,6,6,4,8,5,5,1,0,0,1,1,1,0,0,1,1,1,1,0,1,0
packed_no_info,1,9,1,5,0,0,0,0,0,0,1,0,0,0,1,1,0,0,1,1,1,0,1,0,0
packed_no_info,2,9,1,7,5,2,5,8,4,6,1,0,0,0,1,1,0,0,1,1,1,0,1,0,0
packed_no_info,1,10,1,7,0,0,0,0,0,0,1,0,0,1,1,0,0,1,0,1,1,0,1,0,0
packed_no_info,2,10,1,8,8,8,7,8,7,10,1,0,0,1,1,0,0,1,0,1,1,0,1,0,0
packed_no_info,1,11,1,7,0,0,0,0,0,0,1,0,0,0,1,1,0,1,0,1,1,1,1,0,0
packed_no_info,2,11,1,9,8,9,8,8,10,9,1,0,0,0,1,1,0,1,0,1,1,1,1,0,0
packed_no_info,1,12,1,9,0,0,0,0,0,0,1,0,0,1,1,0,0,1,0,1,1,0,1,1,0
packed_no_info,2,12,1,8,7,9,7,7,9,10,1,0,0,1,1,0,0,1,0,1,1,0,1,1,0
packed_no_info,1,13,1,6,0,0,0,0,0,0,1,0,0,1,1,1,0,0,0,1,0,1,0,0,0
packed_no_info,2,13,1,8,6,5,8,7,10,8,1,0,0,1,1,1,0,0,0,1,0,1,0,0,0
packed_no_info,1,14,1,7,0,0,0,0,0,0,1,0,0,1,1,0,0,0,0,0,0,0,1,1,0
packed_no_info,2,14,1,7,6,5,6,6,10,8,1,0,0,1,1,0,0,0,0,0,0,0,1,1,0
packed_no_info,1,15,1,7,0,0,0,0,0,0,1,0,0,1,1,1,0,1,0,1,1,0,1,1,0
packed_no_info,2,15,1,8,5,8,6,6,2,10,1,0,0,1,1,1,0,1,0,1,1,0,1,1,0
packed_no_info,1,16,1,8,0,0,0,0,0,0,1,0,0,0,1,1,0,1,0,0,0,1,1,1,0
packed_no_info,2,16,1,7,6,5,8,9,10,6,1,0,0,0,1,1,0,1,0,0,0,1,1,1,0
packed_no_info,1,17,1,4,0,0,0,0,0,0,1,0,0,1,1,0,0,1,0,0,1,0,1,1,0
packed_no_info,2,17,1,6,3,8,2,7,9,7,1,0,0,1,1,0,0,1,0,0,1,0,1,1,0
packed_no_info,1,18,1,8,0,0,0,0,0,0,1,0,0,0,1,1,1,0,0,1,1,0,1,1,0
packed_no_info,2,18,1,8,8,7,7,9,5,8,1,0,0,0,1,1,1,0,0,1,1,0,1,1,0
packed_no_info,1,19,1,8,0,0,0,0,0,0,1,0,0,1,1,1,0,0,1,1,0,0,0,0,0
packed_no_info,2,19,1,8,8,8,7,7,5,9,1,0,0,1,1,1,0,0,1,1,0,0,0,0,0
packed_no_info,1,20,1,8,0,0,0,0,0,0,1,0,0,0,1,1,0,0,1,1,0,1,0,0,0
packed_no_info,2,20,1,8,6,7,6,6,1,7,1,0,0,0,1,1,0,0,1,1,0,1,0,0,0
packed_no_info,1,21,1,8,0,0,0,0,0,0,1,0,0,1,1,1,0,1,0,1,1,1,0,0,0
packed_no_info,2,21,1,10,10,9,7,10,10,10,1,0,0,1,1,1,0,1,0,1,1,1,0,0,0
packed_no_info,1,22,1,7,0,0,0,0,0,0,1,0,0,0,1,1,1,0,0,1,1,0,0,1,0
packed_no_info,2,22,1,8,5,9,6,8,2,8,1,0,0,0,1,1,1,0,0,1,1,0,0,1,0
packed_no_info,1,23,1,4,0,0,0,0,0,0,1,0,0,1,1,0,0,1,0,1,0,1,0,0,0
packed_no_info,2,23,1,6,6,7,6,7,7,9,1,0,0,1,1,0,0,1,0,1,0,1,0,0,0
packed_no_info,1,24,1,7,0,0,0,0,0,0,1,0,0,0,1,1,0,0,0,1,1,1,0,1,0
packed_no_info,2,24,1,8,9,9,8,8,3,8,1,0,0,0,1,1,0,0,0,1,1,1,0,1,0
packed_no_info,1,25,1,8,0,0,0,0,0,0,1,0,0,1,1,1,0,0,1,1,0,1,1,0,0
packed_no_info,2,25,1,7,7,8,7,9,6,6,1,0,0,1,1,1,0,0,1,1,0,1,1,0,0
packed_no_info,1,26,1,6,0,0,0,0,0,0,1,0,0,1,1,0,0,1,0,1,0,0,1,0,0
packed_no_info,2,26,1,8,8,9,6,6,8,8,1,0,0,1,1,0,0,1,0,1,0,0,1,0,0
packed_no_info,1,27,1,8,0,0,0,0,0,0,1,0,0,1,1,0,0,0,0,1,0,0,1,1,0
packed_no_info,2,27,1,8,4,8,4,8,10,9,1,0,0,1,1,0,0,0,0,1,0,0,1,1,0
packed_no_info,1,28,1,7,0,0,0,0,0,0,1,0,0,0,1,1,0,0,0,1,0,0,1,1,0
packed_no_info,2,28,1,8,7,7,5,8,7,8,1,0,0,0,1,1,0,0,0,1,0,0,1,1,0
packed_no_info,1,29,1,7,0,0,0,0,0,0,1,0,0,0,1,0,0,0,0,1,0,0,0,0,0
packed_no_info,2,29,1,8,8,8,8,8,6,8,1,0,0,0,1,0,0,0,0,1,0,0,0,0,0
packed_no_info,1,30,1,7,0,0,0,0,0,0,1,0,0,0,1,1,0,1,0,1,1,0,1,0,0
packed_no_info,2,30,1,6,7,7,7,8,9,8,1,0,0,0,1,1,0,1,0,1,1,0,1,0,0
packed_no_info,1,31,1,8,0,0,0,0,0,0,1,0,0,0,1,1,0,0,1,1,0,0,0,1,0
packed_no_info,2,31,1,9,8,10,9,7,8,9,1,0,0,0,1,1,0,0,1,1,0,0,0,1,0
packed_no_info,1,32,1,9,0,0,0,0,0,0,1,0,0,0,1,1,0,1,0,1,1,1,0,0,0
packed_no_info,2,32,1,8,5,7,7,5,1,9,1,0,0,0,1,1,0,1,0,1,1,1,0,0,0
packed_no_info,1,33,1,8,0,0,0,0,0,0,1,0,0,1,1,1,1,0,0,1,1,0,1,1,0
packed_no_info,2,33,1,9,3,9,6,8,7,10,1,0,0,1,1,1,1,0,0,1,1,0,1,1,0
packed_no_info,1,34,1,9,0,0,0,0,0,0,1,0,0,1,1,1,0,1,0,1,0,1,1,0,0
packed_no_info,2,34,1,8,6,6,9,8,8,7,1,0,0,1,1,1,0,1,0,1,0,1,1,0,0
packed_no_info,1,35,1,8,0,0,0,0,0,0,1,0,0,1,1,1,0,1,0,1,0,0,0,0,0
packed_no_info,2,35,1,8,6,10,5,9,10,9,1,0,0,1,1,1,0,1,0,1,0,0,0,0,0
packed_no_info,1,36,1,7,0,0,0,0,0,0,1,0,0,1,1,1,0,0,0,1,0,0,0,1,0
packed_no_info,2,36,1,6,6,7,7,5,2,9,1,0,0,1,1,1,0,0,0,1,0,0,0,1,0
packed_no_info,1,37,1,9,0,0,0,0,0,0,1,0,0,0,1,0,0,1,0,0,0,1,0,0,0
packed_no_info,2,37,1,8,7,9,8,9,4,8,1,0,0,0,1,0,0,1,0,0,0,1,0,0,0
packed_no_info,1,38,1,8,0,0,0,0,0,0,1,0,0,0,1,1,0,0,1,1,1,1,0,0,0
packed_no_info,2,38,1,6,7,7,7,10,5,5,1,0,0,0,1,1,0,0,1,1,1,1,0,0,0
packed_no_info,1,39,1,7,0,0,0,0,0,0,1,0,0,1,1,1,1,0,0,1,0,0,0,0,0
packed_no_info,2,39,1,7,7,6,5,7,6,7,1,0,0,1,1,1,1,0,0,1,0,0,0,0,0
packed_no_info,1,40,1,2,0,0,0,0,0,0,1,0,0,1,1,0,1,0,0,1,0,0,0,1,0
packed_no_info,2,40,1,8,8,9,7,8,3,8,1,0,0,1,1,0,1,0,0,1,0,0,0,1,0
packed_no_info,1,41,1,7,0,0,0,0,0,0,1,0,0,1,1,1,0,1,0,0,1,0,1,0,0
packed_no_info,2,41,1,8,8,10,8,9,6,8,1,0,0,1,1,1,0,1,0,0,1,0,1,0,0
packed_no_info,1,42,1,8,0,0,0,0,0,0,1,0,0,0,1,1,0,0,1,1,1,1,1,0,0
packed_no_info,2,42,1,6,1,4,2,3,8,6,1,0,0,0,1,1,0,0,1,1,1,1,1,0,0
packed_no_info,1,43,1,1,0,0,0,0,0,0,1,0,0,1,1,0,0,0,0,0,0,0,1,1,0
packed_no_info,2,43,1,9,8,9,7,10,10,9,1,0,0,1,1,0,0,0,0,0,0,0,1,1,0
packed_no_info,1,44,1,8,0,0,0,0,0,0,1,0,0,0,1,1,1,0,0,1,1,1,1,0,0
packed_no_info,2,44,1,8,8,6,8,8,8,9,1,0,0,0,1,1,1,0,0,1,1,1,1,0,0
packed_no_info,1,45,1,7,0,0,0,0,0,0,1,0,0,0,1,1,0,1,0,1,1,0,1,0,0
packed_no_info,2,45,1,7,6,6,7,7,9,9,1,0,0,0,1,1,0,1,0,1,1,0,1,0,0
packed_no_info,1,46,1,10,0,0,0,0,0,0,1,0,0,0,1,1,0,1,0,1,0,0,0,0,0
packed_no_info,2,46,1,9,9,9,7,10,10,9,1,0,0,0,1,1,0,1,0,1,0,0,0,0,0
packed_no_info,1,47,1,10,0,0,0,0,0,0,1,0,0,1,1,1,0,1,0,1,1,0,0,1,0
packed_no_info,2,47,1,9,1,9,6,10,10,9,1,0,0,1,1,1,0,1,0,1,1,0,0,1,0
packed_no_info,1,48,1,7,0,0,0,0,0,0,1,0,0,0,1,1,0,0,0,1,0,1,1,0,1
packed_no_info,2,48,1,6,3,8,4,7,3,8,1,0,0,0,1,1,0,0,0,1,0,1,1,0,1
packed_no_info,1,49,1,8,0,0,0,0,0,0,1,0,0,0,1,1,0,0,0,1,1,0,0,0,0
packed_no_info,2,49,1,7,6,7,7,7,8,7,1,0,0,0,1,1,0,0,0,1,1,0,0,0,0
packed_no_info,1,50,1,7,0,0,0,0,0,0,1,0,0,1,1,0,0,1,0,0,0,1,0,0,0
packed_no_info,2,50,1,9,9,8,9,9,6,9,1,0,0,1,1,0,0,1,0,0,0,1,0,0,0
packed_no_info,1,51,1,8,0,0,0,0,0,0,1,0,0,0,1,1,0,1,0,1,1,0,1,0,0
packed_no_info,2,51,1,7,4,7,5,9,3,8,1,0,0,0,1,1,0,1,0,1,1,0,1,0,0
packed_no_info,1,52,1,5,0,0,0,0,0,0,1,0,0,0,1,1,1,0,0,1,0,0,1,0,0
packed_no_info,2,52,1,6,7,7,5,8,1,7,1,0,0,0,1,1,1,0,0,1,0,0,1,0,0
packed_no_info,1,53,1,3,0,0,0,0,0,0,1,0,0,1,0,0,0,1,0,0,0,0,1,1,0
packed_no_info,2,53,1,8,2,10,7,6,10,8,1,0,0,1,0,0,0,1,0,0,0,0,1,1,0
packed_no_info,1,54,1,9,0,0,0,0,0,0,1,0,0,0,1,1,1,0,0,1,0,0,0,0,0
packed_no_info,2,54,1,7,6,8,8,6,7,7,1,0,0,0,1,1,1,0,0,1,0,0,0,0,0
packed_no_info,1,55,1,8,0,0,0,0,0,0,1,0,0,0,1,0,0,1,0,1,0,1,0,0,0
packed_no_info,2,55,1,7,7,7,7,7,6,6,1,0,0,0,1,0,0,1,0,1,0,1,0,0,0
packed_no_info,1,56,1,4,0,0,0,0,0,0,1,0,0,1,1,1,0,1,0,0,0,0,1,1,0
packed_no_info,2,56,1,9,7,9,8,7,7,9,1,0,0,1,1,1,0,1,0,0,0,0,1,1,0
packed_no_info,1,57,1,6,0,0,0,0,0,0,1,0,0,0,1,1,1,0,0,1,1,1,1,1,0
packed_no_info,2,57,1,7,8,7,6,3,6,7,1,0,0,0,1,1,1,0,0,1,1,1,1,1,0
packed_no_info,1,58,1,8,0,0,0,0,0,0,1,0,0,1,1,1,0,0,0,1,1,0,0,1,0
packed_no_info,2,58,1,6,6,5,3,5,2,5,1,0,0,1,1,1,0,0,0,1,1,0,0,1,0
packed_no_info,1,59,0,3,0,0,0,0,0,0,1,0,0,0,1,0,0,1,0,1,0,0,0,0,0
packed_no_info,2,59,0,0,0,0,0,0,0,0,1,0,0,0,1,0,0,1,0,1,0,0,0,0,0
packed_no_info,1,60,0,6,0,0,0,0,0,0,1,0,0,1,1,0,0,0,1,1,0,0,1,1,0
packed_no_info,2,60,0,0,0,0,0,0,0,0,1,0,0,1,1,0,0,0,1,1,0,0,1,1,0
packed_no_info,1,61,0,8,0,0,0,0,0,0,1,0,0,0,1,1,1,0,0,1,1,0,1,0,0
packed_no_info,2,61,0,0,0,0,0,0,0,0,1,0,0,0,1,1,1,0,0,1,1,0,1,0,0
packed_no_info,1,62,0,8,0,0,0,0,0,0,1,0,0,1,1,1,1,0,0,1,1,0,0,0,0
packed_no_info,2,62,0,0,0,0,0,0,0,0,1,0,0,1,1,1,1,0,0,1,1,0,0,0,0
packed_no_info,1,63,0,7,0,0,0,0,0,0,1,0,0,1,1,1,1,0,0,1,1,0,0,0,0
packed_no_info,2,63,0,0,0,0,0,0,0,0,1,0,0,1,1,1,1,0,0,1,1,0,0,0,0
packed_no_info,1,64,0,8,0,0,0,0,0,0,1,0,0,1,1,1,0,0,0,1,0,0,1,0,0
packed_no_info,2,64,0,0,0,0,0,0,0,0,1,0,0,1,1,1,0,0,0,1,0,0,1,0,0
packed_no_info,1,65,0,7,0,0,0,0,0,0,1,0,0,0,0,1,0,0,1,0,0,1,1,1,1
packed_no_info,2,65,0,0,0,0,0,0,0,0,1,0,0,0,0,1,0,0,1,0,0,1,1,1,1
packed_no_info,1,66,0,9,0,0,0,0,0,0,1,0,0,0,0,1,0,1,0,0,1,0,1,1,1
packed_no_info,2,66,0,0,0,0,0,0,0,0,1,0,0,0,0,1,0,1,0,0,1,0,1,1,1
packed_no_info,1,67,0,7,0,0,0,0,0,0,1,0,0,1,1,1,0,1,0,1,0,0,1,1,0
packed_no_info,2,67,0,0,0,0,0,0,0,0,1,0,0,1,1,1,0,1,0,1,0,0,1,1,0
packed_no_info,1,68,0,5,0,0,0,0,0,0,1,0,0,1,1,0,1,0,0,1,0,0,0,0,0
packed_no_info,2,68,0,0,0,0,0,0,0,0,1,0,0,1,1,0,1,0,0,1,0,0,0,0,0
packed_no_info,1,69,0,5,0,0,0,0,0,0,1,0,0,1,1,1,1,0,0,1,1,0,0,0,0
packed_no_info,2,69,0,0,0,0,0,0,0,0,1,0,0,1,1,1,1,0,0,1,1,0,0,0,0
packed_no_info,1,70,0,8,0,0,0,0,0,0,1,0,0,1,1,1,1,0,0,1,0,1,0,0,0
packed_no_info,2,70,0,0,0,0,0,0,0,0,1,0,0,1,1,1,1,0,0,1,0,1,0,0,0
packed_no_info,1,71,0,8,0,0,0,0,0,0,1,0,0,0,1,1,0,0,1,1,0,1,0,1,0
packed_no_info,2,71,0,0,0,0,0,0,0,0,1,0,0,0,1,1,0,0,1,1,0,1,0,1,0
packed_no_info,1,72,0,5,0,0,0,0,0,0,1,0,0,1,1,1,1,0,0,0,1,0,1,0,0
packed_no_info,2,72,0,0,0,0,0,0,0,0,1,0,0,1,1,1,1,0,0,0,1,0,1,0,0
packed_no_info,1,73,0,9,0,0,0,0,0,0,1,0,0,0,1,1,0,1,0,1,0,1,0,0,0
packed_no_info,2,73,0,0,0,0,0,0,0,0,1,0,0,0,1,1,0,1,0,1,0,1,0,0,0
packed_no_info,1,74,0,8,0,0,0,0,0,0,1,0,0,1,0,1,1,0,0,0,0,0,0,1,1
packed_no_info,2,74,0,0,0,0,0,0,0,0,1,0,0,1,0,1,1,0,0,0,0,0,0,1,1
packed_no_info,1,75,0,8,0,0,0,0,0,0,1,0,0,0,1,1,1,0,0,1,1,1,1,0,0
packed_no_info,2,75,0,0,0,0,0,0,0,0,1,0,0,0,1,1,1,0,0,1,1,1,1,0,0
packed_no_info,1,76,0,7,0,0,0,0,0,0,1,0,0,0,1,1,0,0,0,1,1,0,1,1,0
packed_no_info,2,76,0,0,0,0,0,0,0,0,1,0,0,0,1,1,0,0,0,1,1,0,1,1,0
packed_no_info,1,77,0,5,0,0,0,0,0,0,1,0,0,1,1,1,1,0,0,1,1,0,1,0,0
packed_no_info,2,77,0,0,0,0,0,0,0,0,1,0,0,1,1,1,1,0,0,1,1,0,1,0,0
packed_no_info,1,78,0,4,0,0,0,0,0,0,1,0,0,1,0,1,0,0,0,1,0,1,1,1,0
packed_no_info,2,78,0,0,0,0,0,0,0,0,1,0,0,1,0,1,0,0,0,1,0,1,1,1,0
packed_no_info,1,79,0,7,0,0,0,0,0,0,1,0,0,0,1,1,1,0,0,1,0,0,1,0,0
packed_no_info,2,79,0,0,0,0,0,0,0,0,1,0,0,0,1,1,1,0,0,1,0,0,1,0,0
packed_no_info,1,80,0,9,0,0,0,0,0,0,1,0,0,0,1,1,0,0,1,1,0,1,0,0,0
packed_no_info,2,80,0,0,0,0,0,0,0,0,1,0,0,0,1,1,0,0,1,1,0,1,0,0,0
packed_no_info,1,81,0,3,0,0,0,0,0,0,1,0,0,0,1,1,0,0,1,1,1,0,0,0,0
packed_no_info,2,81,0,0,0,0,0,0,0,0,1,0,0,0,1,1,0,0,1,1,1,0,0,0,0
packed_no_info,1,82,0,8,0,0,0,0,0,0,1,0,0,0,1,1,0,1,0,1,0,1,0,0,0
packed_no_info,2,82,0,0,0,0,0,0,0,0,1,0,0,0,1,1,0,1,0,1,0,1,0,0,0
packed_no_info,1,83,0,10,0,0,0,0,0,0,1,0,0,0,1,1,0,1,0,1,0,1,1,0,0
packed_no_info,2,83,0,0,0,0,0,0,0,0,1,0,0,0,1,1,0,1,0,1,0,1,1,0,0
packed_no_info,1,84,0,7,0,0,0,0,0,0,1,0,0,1,1,1,1,0,0,1,0,0,1,1,0
packed_no_info,2,84,0,0,0,0,0,0,0,0,1,0,0,1,1,1,1,0,0,1,0,0,1,1,0
packed_no_info,1,85,0,8,0,0,0,0,0,0,1,0,0,1,1,0,0,1,0,1,0,1,0,0,0
packed_no_info,2,85,0,0,0,0,0,0,0,0,1,0,0,1,1,0,0,1,0,1,0,1,0,0,0
packed_no_info,1,86,0,7,0,0,0,0,0,0,1,0,0,0,1,0,1,0,0,1,1,1,1,1,0
packed_no_info,2,86,0,0,0,0,0,0,0,0,1,0,0,0,1,0,1,0,0,1,1,1,1,1,0
packed_no_info,1,87,0,5,0,0,0,0,0,0,1,0,0,1,1,1,0,0,0,1,1,1,0,0,0
packed_no_info,2,87,0,0,0,0,0,0,0,0,1,0,0,1,1,1,0,0,0,1,1,1,0,0,0
packed_no_info,1,88,0,7,0,0,0,0,0,0,1,0,0,1,1,1,0,0,0,1,0,0,1,0,0
packed_no_info,2,88,0,0,0,0,0,0,0,0,1,0,0,1,1,1,0,0,0,1,0,0,1,0,0
packed_no_info,1,89,0,10,0,0,0,0,0,0,1,0,0,0,1,1,0,0,1,1,1,1,1,1,0
packed_no_info,2,89,0,0,0,0,0,0,0,0,1,0,0,0,1,1,0,0,1,1,1,1,1,1,0
packed_no_info,1,90,0,7,0,0,0,0,0,0,1,0,0,0,1,0,0,0,0,0,0,0,1,0,0
packed_no_info,2,90,0,0,0,0,0,0,0,0,1,0,0,0,1,0,0,0,0,0,0,0,1,0,0
packed_no_info,1,91,0,7,0,0,0,0,0,0,1,0,0,1,1,0,0,1,0,0,0,0,1,0,0
packed_no_info,2,91,0,0,0,0,0,0,0,0,1,0,0,1,1,0,0,1,0,0,0,0,1,0,0
packed_no_info,1,92,0,8,0,0,0,0,0,0,1,0,0,1,1,1,1,0,0,0,1,1,1,1,0
packed_no_info,2,92,0,0,0,0,0,0,0,0,1,0,0,1,1,1,1,0,0,0,1,1,1,1,0
packed_no_info,1,93,0,7,0,0,0,0,0,0,1,0,0,0,1,1,1,0,0,1,1,0,1,1,0
packed_no_info,2,93,0,0,0,0,0,0,0,0,1,0,0,0,1,1,1,0,0,1,1,0,1,1,0
packed_no_info,1,94,0,7,0,0,0,0,0,0,1,0,0,0,1,0,0,0,0,0,1,1,1,0,0
packed_no_info,2,94,0,0,0,0,0,0,0,0,1,0,0,0,1,0,0,0,0,0,1,1,1,0,0
packed_no_info,1,95,0,6,0,0,0,0,0,0,1,0,0,0,1,1,0,0,0,0,1,0,1,1,0
packed_no_info,2,95,0,0,0,0,0,0,0,0,1,0,0,0,1,1,0,0,0,0,1,0,1,1,0
packed_no_info,1,96,0,6,0,0,0,0,0,0,1,0,0,0,0,1,1,0,0,0,1,0,1,0,0
packed_no_info,2,96,0,0,0,0,0,0,0,0,1,0,0,0,0,1,1,0,0,0,1,0,1,0,0
packed_no_info,1,97,0,7,0,0,0,0,0,0,1,0,0,0,0,1,0,0,0,1,0,1,0,0,0
packed_no_info,2,97,0,0,0,0,0,0,0,0,1,0,0,0,0,1,0,0,0,1,0,1,0,0,0
packed_no_info,1,98,0,6,0,0,0,0,0,0,1,0,0,1,1,0,0,0,1,1,1,0,0,1,1
packed_no_info,2,98,0,0,0,0,0,0,0,0,1,0,0,1,1,0,0,0,1,1,1,0,0,1,1
packed_no_info,1,99,0,9,0,0,0,0,0,0,1,0,0,0,0,0,0,0,1,0,0,1,1,0,0
packed_no_info,2,99,0,0,0,0,0,0,0,0,1,0,0,0,0,0,0,0,1,0,0,1,1,0,0
packed_no_info,1,100,0,5,0,0,0,0,0,0,1,0,0,1,1,0,0,1,0,0,0,0,1,1,0
packed_no_info,2,100,0,0,0,0,0,0,0,0,1,0,0,1,1,0,0,1,0,0,0,0,1,1,0
packed_no_info,1,101,0,8,0,0,0,0,0,0,1,0,0,1,1,0,0,0,1,1,1,0,1,0,0
packed_no_info,2,101,0,0,0,0,0,0,0,0,1,0,0,1,1,0,0,0,1,1,1,0,1,0,0
packed_with_info,1,102,1,10,0,0,0,0,0,0,0,1,0,0,1,1,0,0,0,1,0,1,0,0,0
packed_with_info,2,102,1,10,8,10,10,10,10,10,0,1,0,0,1,1,0,0,0,1,0,1,0,0,0
packed_with_info,1,103,1,7,0,0,0,0,0,0,0,1,0,0,1,1,1,0,0,1,0,0,0,0,0
packed_with_info,2,103,1,8,7,3,9,10,5,10,0,1,0,0,1,1,1,0,0,1,0,0,0,0,0
packed_with_info,1,104,1,10,0,0,0,0,0,0,0,1,0,1,1,0,0,0,1,1,1,1,0,0,0
packed_with_info,2,104,1,9,8,10,9,8,2,7,0,1,0,1,1,0,0,0,1,1,1,1,0,0,0
packed_with_info,1,105,1,8,0,0,0,0,0,0,0,1,0,0,1,0,1,0,0,1,0,0,1,0,0
packed_with_info,2,105,1,8,8,9,7,8,7,8,0,1,0,0,1,0,1,0,0,1,0,0,1,0,0
packed_with_info,1,106,1,7,0,0,0,0,0,0,0,1,0,1,1,1,0,0,0,1,0,0,1,1,0
packed_with_info,2,106,1,8,7,7,8,7,8,6,0,1,0,1,1,1,0,0,0,1,0,0,1,1,0
packed_with_info,1,107,1,9,0,0,0,0,0,0,0,1,0,1,1,1,0,0,0,0,0,0,0,0,0
packed_with_info,2,107,1,9,8,7,7,7,9,9,0,1,0,1,1,1,0,0,0,0,0,0,0,0,0
packed_with_info,1,108,1,7,0,0,0,0,0,0,0,1,0,0,1,1,0,0,1,1,1,1,0,0,0
packed_with_info,2,108,1,10,7,10,7,10,1,10,0,1,0,0,1,1,0,0,1,1,1,1,0,0,0
packed_with_info,1,109,1,8,0,0,0,0,0,0,0,1,0,0,1,1,1,0,0,1,0,1,0,0,0
packed_with_info,2,109,1,8,6,7,7,8,3,8,0,1,0,0,1,1,1,0,0,1,0,1,0,0,0
packed_with_info,1,110,1,4,0,0,0,0,0,0,0,1,0,0,1,0,0,1,0,1,0,1,1,0,0
packed_with_info,2,110,1,6,5,5,5,6,3,4,0,1,0,0,1,0,0,1,0,1,0,1,1,0,0
packed_with_info,1,111,1,8,0,0,0,0,0,0,0,1,0,0,1,1,0,0,1,0,0,0,1,0,0
packed_with_info,2,111,1,7,8,10,7,8,5,9,0,1,0,0,1,1,0,0,1,0,0,0,1,0,0
packed_with_info,1,112,1,9,0,0,0,0,0,0,0,1,0,0,1,1,0,1,0,1,1,1,1,0,0
packed_with_info,2,112,1,10,10,8,10,10,7,9,0,1,0,0,1,1,0,1,0,1,1,1,1,0,0
packed_with_info,1,113,1,7,0,0,0,0,0,0,0,1,0,1,1,0,0,1,0,1,0,0,1,1,0
packed_with_info,2,113,1,8,9,8,7,7,9,6,0,1,0,1,1,0,0,1,0,1,0,0,1,1,0
packed_with_info,1,114,1,7,0,0,0,0,0,0,0,1,0,1,1,1,1,0,0,0,0,1,1,0,0
packed_with_info,2,114,1,9,7,7,5,8,9,8,0,1,0,1,1,1,1,0,0,0,0,1,1,0,0
packed_with_info,1,115,1,4,0,0,0,0,0,0,0,1,0,1,1,0,1,0,0,0,0,1,1,0,0
packed_with_info,2,115,1,6,4,3,5,7,4,5,0,1,0,1,1,0,1,0,0,0,0,1,1,0,0
packed_with_info,1,116,1,7,0,0,0,0,0,0,0,1,0,1,0,1,1,0,0,1,1,1,0,0,0
packed_with_info,2,116,1,8,7,7,6,10,7,7,0,1,0,1,0,1,1,0,0,1,1,1,0,0,0
packed_with_info,1,117,1,8,0,0,0,0,0,0,0,1,0,0,1,1,1,0,0,1,1,1,1,0,0
packed_with_info,2,117,1,9,7,9,1,10,8,10,0,1,0,0,1,1,1,0,0,1,1,1,1,0,0
packed_with_info,1,118,1,6,0,0,0,0,0,0,0,1,0,1,1,1,1,0,0,1,0,0,1,0,0
packed_with_info,2,118,1,6,6,8,5,7,3,7,0,1,0,1,1,1,1,0,0,1,0,0,1,0,0
packed_with_info,1,119,1,8,0,0,0,0,0,0,0,1,0,1,1,1,0,1,0,1,0,0,1,1,0
packed_with_info,2,119,1,8,8,6,8,8,9,10,0,1,0,1,1,1,0,1,0,1,0,0,1,1,0
packed_with_info,1,120,1,7,0,0,0,0,0,0,0,1,0,1,1,0,1,0,0,0,1,0,1,0,0
packed_with_info,2,120,1,8,8,9,8,9,10,6,0,1,0,1,1,0,1,0,0,0,1,0,1,0,0
packed_with_info,1,121,1,8,0,0,0,0,0,0,0,1,0,0,1,1,1,0,0,0,1,0,1,1,0
packed_with_info,2,121,1,8,7,7,7,6,9,7,0,1,0,0,1,1,1,0,0,0,1,0,1,1,0
packed_with_info,1,122,1,9,0,0,0,0,0,0,0,1,0,1,1,1,1,0,0,0,0,1,1,0,0
packed_with_info,2,122,1,8,5,10,5,9,9,10,0,1,0,1,1,1,1,0,0,0,0,1,1,0,0
packed_with_info,1,123,1,7,0,0,0,0,0,0,0,1,0,1,1,0,1,0,0,1,0,1,0,1,1
packed_with_info,2,123,1,7,8,6,7,9,9,10,0,1,0,1,1,0,1,0,0,1,0,1,0,1,1
packed_with_info,1,124,1,8,0,0,0,0,0,0,0,1,0,1,1,1,0,0,0,1,0,0,0,1,0
packed_with_info,2,124,1,8,5,10,5,8,8,8,0,1,0,1,1,1,0,0,0,1,0,0,0,1,0
packed_with_info,1,125,1,8,0,0,0,0,0,0,0,1,0,0,1,1,0,0,0,1,0,1,0,0,0
packed_with_info,2,125,1,9,6,8,6,7,3,8,0,1,0,0,1,1,0,0,0,1,0,1,0,0,0
packed_with_info,1,126,1,8,0,0,0,0,0,0,0,1,0,1,1,1,1,0,0,1,0,1,1,0,0
packed_with_info,2,126,1,8,8,8,6,9,9,9,0,1,0,1,1,1,1,0,0,1,0,1,1,0,0
packed_with_info,1,127,1,7,0,0,0,0,0,0,0,1,0,0,1,0,0,1,0,1,1,1,0,0,0
packed_with_info,2,127,1,7,6,8,7,6,6,8,0,1,0,0,1,0,0,1,0,1,1,1,0,0,0
packed_with_info,1,128,1,8,0,0,0,0,0,0,0,1,0,1,1,1,0,0,1,1,1,1,0,1,0
packed_with_info,2,128,1,9,6,9,7,10,10,9,0,1,0,1,1,1,0,0,1,1,1,1,0,1,0
packed_with_info,1,129,1,7,0,0,0,0,0,0,0,1,0,0,1,1,1,0,0,1,0,0,0,1,0
packed_with_info,2,129,1,7,6,10,5,7,7,8,0,1,0,0,1,1,1,0,0,1,0,0,0,1,0
packed_with_info,1,130,1,8,0,0,0,0,0,0,0,1,0,0,1,0,1,0,0,0,0,0,0,1,0
packed_with_info,2,130,1,8,5,9,8,8,3,8,0,1,0,0,1,0,1,0,0,0,0,0,0,1,0
packed_with_info,1,131,1,8,0,0,0,0,0,0,0,1,0,1,1,1,0,0,0,1,1,0,1,0,0
packed_with_info,2,131,1,7,2,2,1,7,5,7,0,1,0,1,1,1,0,0,0,1,1,0,1,0,0
packed_with_info,1,132,1,10,0,0,0,0,0,0,0,1,0,0,1,1,0,0,1,1,0,1,0,0,0
packed_with_info,2,132,1,9,8,10,10,10,5,10,0,1,0,0,1,1,0,0,1,1,0,1,0,0,0
packed_with_info,1,133,1,5,0,0,0,0,0,0,0,1,0,0,0,1,0,1,0,0,1,1,0,0,0
packed_with_info,2,133,1,6,2,6,5,7,1,8,0,1,0,0,0,1,0,1,0,0,1,1,0,0,0
packed_with_info,1,134,1,9,0,0,0,0,0,0,0,1,0,1,1,1,1,0,0,1,1,1,0,0,0
packed_with_info,2,134,1,8,6,9,8,9,9,8,0,1,0,1,1,1,1,0,0,1,1,1,0,0,0
packed_with_info,1,135,1,8,0,0,0,0,0,0,0,1,0,1,1,1,1,0,0,1,1,0,1,0,0
packed_with_info,2,135,1,7,7,8,8,6,6,10,0,1,0,1,1,1,1,0,0,1,1,0,1,0,0
packed_with_info,1,136,1,7,0,0,0,0,0,0,0,1,0,1,1,0,0,1,0,1,0,1,0,0,0
packed_with_info,2,136,1,7,6,9,6,9,4,7,0,1,0,1,1,0,0,1,0,1,0,1,0,0,0
packed_with_info,1,137,1,8,0,0,0,0,0,0,0,1,0,1,1,1,0,1,0,1,0,0,1,0,0
packed_with_info,2,137,1,8,7,8,6,9,7,9,0,1,0,1,1,1,0,1,0,1,0,0,1,0,0
packed_with_info,1,138,1,4,0,0,0,0,0,0,0,1,0,1,1,1,0,1,0,1,0,1,1,0,0
packed_with_info,2,138,1,8,7,4,8,7,3,9,0,1,0,1,1,1,0,1,0,1,0,1,1,0,0
packed_with_info,1,139,1,8,0,0,0,0,0,0,0,1,0,0,1,0,0,1,0,1,1,1,0,0,0
packed_with_info,2,139,1,8,8,8,7,7,6,6,0,1,0,0,1,0,0,1,0,1,1,1,0,0,0
packed_with_info,1,140,1,8,0,0,0,0,0,0,0,1,0,1,1,1,0,1,0,1,1,0,1,1,0
packed_with_info,2,140,1,9,10,8,8,8,10,9,0,1,0,1,1,1,0,1,0,1,1,0,1,1,0
packed_with_info,1,141,1,5,0,0,0,0,0,0,0,1,0,1,1,0,1,0,0,1,0,0,1,1,0
packed_with_info,2,141,1,7,7,8,5,7,7,6,0,1,0,1,1,0,1,0,0,1,0,0,1,1,0
packed_with_info,1,142,1,5,0,0,0,0,0,0,0,1,0,0,0,0,0,0,0,1,1,1,0,1,0
packed_with_info,2,142,1,6,3,2,3,8,7,5,0,1,0,0,0,0,0,0,0,1,1,1,0,1,0
packed_with_info,1,143,1,6,0,0,0,0,0,0,0,1,0,0,1,0,1,0,0,0,0,0,1,0,0
packed_with_info,2,143,1,6,7,4,6,6,6,6,0,1,0,0,1,0,1,0,0,0,0,0,1,0,0
packed_with_info,1,144,1,9,0,0,0,0,0,0,0,1,0,1,1,1,1,0,0,1,0,0,1,1,0
packed_with_info,2,144,1,9,9,9,6,8,10,9,0,1,0,1,1,1,1,0,0,1,0,0,1,1,0
packed_with_info,1,145,1,6,0,0,0,0,0,0,0,1,0,0,1,1,0,0,0,0,0,0,1,1,0
packed_with_info,2,145,1,6,3,9,6,3,9,3,0,1,0,0,1,1,0,0,0,0,0,0,1,1,0
packed_with_info,1,146,1,8,0,0,0,0,0,0,0,1,0,1,1,1,1,0,0,1,0,0,1,1,0
packed_with_info,2,146,1,9,8,8,7,8,10,10,0,1,0,1,1,1,1,0,0,1,0,0,1,1,0
packed_with_info,1,147,1,5,0,0,0,0,0,0,0,1,0,0,0,1,0,0,0,1,0,1,0,0,0
packed_with_info,2,147,1,7,4,6,4,7,1,10,0,1,0,0,0,1,0,0,0,1,0,1,0,0,0
packed_with_info,1,148,1,7,0,0,0,0,0,0,0,1,0,0,0,1,0,1,0,1,1,0,0,0,0
packed_with_info,2,148,1,7,6,6,6,7,7,9,0,1,0,0,0,1,0,1,0,1,1,0,0,0,0
packed_with_info,1,149,1,6,0,0,0,0,0,0,0,1,0,0,0,0,0,0,0,1,1,0,0,0,0
packed_with_info,2,149,1,6,6,6,4,8,8,8,0,1,0,0,0,0,0,0,0,1,1,0,0,0,0
packed_with_info,1,150,1,6,0,0,0,0,0,0,0,1,0,1,1,0,0,0,1,1,0,0,1,0,0
packed_with_info,2,150,1,7,7,6,3,7,2,7,0,1,0,1,1,0,0,0,1,1,0,0,1,0,0
packed_with_info,1,151,1,10,0,0,0,0,0,0,0,1,0,1,1,1,1,0,0,0,1,0,1,1,0
packed_with_info,2,151,1,9,7,10,7,6,8,8,0,1,0,1,1,1,1,0,0,0,1,0,1,1,0
packed_with_info,1,152,1,7,0,0,0,0,0,0,0,1,0,1,1,1,0,0,0,0,0,1,0,0,0
packed_with_info,2,152,1,7,6,7,7,6,9,9,0,1,0,1,1,1,0,0,0,0,0,1,0,0,0
packed_with_info,1,153,1,9,0,0,0,0,0,0,0,1,0,1,1,1,0,0,0,1,1,1,0,1,0
packed_with_info,2,153,1,8,6,8,5,7,5,9,0,1,0,1,1,1,0,0,0,1,1,1,0,1,0
packed_with_info,1,154,1,4,0,0,0,0,0,0,0,1,0,0,1,1,0,0,0,0,1,0,1,1,0
packed_with_info,2,154,1,5,1,1,5,7,3,7,0,1,0,0,1,1,0,0,0,0,1,0,1,1,0
packed_with_info,1,155,1,8,0,0,0,0,0,0,0,1,0,1,1,1,0,0,1,1,0,1,0,1,0
packed_with_info,2,155,1,8,8,8,6,7,6,6,0,1,0,1,1,1,0,0,1,1,0,1,0,1,0
packed_with_info,1,156,1,5,0,0,0,0,0,0,0,1,0,1,1,0,1,0,0,1,0,0,0,0,0
packed_with_info,2,156,1,6,1,8,7,8,1,4,0,1,0,1,1,0,1,0,0,1,0,0,0,0,0
packed_with_info,1,157,1,9,0,0,0,0,0,0,0,1,0,0,0,1,0,1,0,1,1,0,0,1,1
packed_with_info,2,157,1,8,8,10,7,8,10,8,0,1,0,0,0,1,0,1,0,1,1,0,0,1,1
packed_with_info,1,158,1,7,0,0,0,0,0,0,0,1,0,0,1,1,1,0,0,1,1,1,0,0,0
packed_with_info,2,158,1,8,8,6,8,8,5,10,0,1,0,0,1,1,1,0,0,1,1,1,0,0,0
packed_with_info,1,159,1,9,0,0,0,0,0,0,0,1,0,1,1,1,0,0,0,1,1,0,1,1,0
packed_with_info,2,159,1,7,8,7,6,9,8,7,0,1,0,1,1,1,0,0,0,1,1,0,1,1,0
packed_with_info,1,160,1,8,0,0,0,0,0,0,0,1,0,1,1,1,1,0,0,1,0,1,1,1,0
packed_with_info,2,160,1,8,7,9,7,8,9,9,0,1,0,1,1,1,1,0,0,1,0,1,1,1,0
packed_with_info,1,161,1,9,0,0,0,0,0,0,0,1,0,0,1,1,1,0,0,1,0,0,1,0,0
packed_with_info,2,161,1,9,8,7,8,9,8,8,0,1,0,0,1,1,1,0,0,1,0,0,1,0,0
packed_with_info,1,162,1,8,0,0,0,0,0,0,0,1,0,1,1,1,0,0,0,1,0,0,1,1,0
packed_with_info,2,162,1,8,6,9,8,9,9,8,0,1,0,1,1,1,0,0,0,1,0,0,1,1,0
packed_with_info,1,163,1,9,0,0,0,0,0,0,0,1,0,1,1,0,0,0,0,1,1,1,0,0,0
packed_with_info,2,163,1,10,10,10,10,10,1,4,0,1,0,1,1,0,0,0,0,1,1,1,0,0,0
packed_with_info,1,164,1,1,0,0,0,0,0,0,0,1,0,1,1,0,0,0,0,0,0,0,1,0,0
packed_with_info,2,164,1,6,6,8,4,6,1,5,0,1,0,1,1,0,0,0,0,0,0,0,1,0,0
packed_with_info,1,165,1,6,0,0,0,0,0,0,0,1,0,1,1,1,0,0,0,1,0,0,1,0,0
packed_with_info,2,165,1,6,2,4,8,8,3,9,0,1,0,1,1,1,0,0,0,1,0,0,1,0,0
packed_with_info,1,166,1,7,0,0,0,0,0,0,0,1,0,1,1,1,1,0,0,0,0,0,1,0,0
packed_with_info,2,166,1,8,7,9,8,8,6,8,0,1,0,1,1,1,1,0,0,0,0,0,1,0,0
packed_with_info,1,167,1,7,0,0,0,0,0,0,0,1,0,1,1,1,0,0,0,1,1,0,1,0,0
packed_with_info,2,167,1,7,6,8,7,9,1,8,0,1,0,1,1,1,0,0,0,1,1,0,1,0,0
packed_with_info,1,168,1,9,0,0,0,0,0,0,0,1,0,1,1,0,0,0,0,0,1,1,0,0,0
packed_with_info,2,168,1,9,5,8,8,9,9,5,0,1,0,1,1,0,0,0,0,0,1,1,0,0,0
packed_with_info,1,169,1,8,0,0,0,0,0,0,0,1,0,1,0,1,0,0,0,1,1,1,0,1,0
packed_with_info,2,169,1,9,5,10,7,10,5,10,0,1,0,1,0,1,0,0,0,1,1,1,0,1,0
packed_with_info,1,170,1,8,0,0,0,0,0,0,0,1,0,1,1,1,0,1,0,1,1,0,1,1,0
packed_with_info,2,170,1,9,8,9,8,10,10,8,0,1,0,1,1,1,0,1,0,1,1,0,1,1,0
packed_with_info,1,171,0,7,0,0,0,0,0,0,0,1,0,1,1,1,0,0,0,1,0,0,1,1,0
packed_with_info,2,171,0,0,0,0,0,0,0,0,0,1,0,1,1,1,0,0,0,1,0,0,1,1,0
packed_with_info,1,172,0,5,0,0,0,0,0,0,0,1,0,1,1,0,0,1,0,0,0,1,0,1,0
packed_with_info,2,172,0,0,0,0,0,0,0,0,0,1,0,1,1,0,0,1,0,0,0,1,0,1,0
packed_with_info,1,173,0,8,0,0,0,0,0,0,0,1,0,1,1,0,0,1,0,1,1,1,0,1,0
packed_with_info,2,173,0,0,0,0,0,0,0,0,0,1,0,1,1,0,0,1,0,1,1,1,0,1,0
packed_with_info,1,174,0,8,0,0,0,0,0,0,0,1,0,1,1,1,0,0,1,1,1,0,1,0,0
packed_with_info,2,174,0,0,0,0,0,0,0,0,0,1,0,1,1,1,0,0,1,1,1,0,1,0,0
packed_with_info,1,175,0,6,0,0,0,0,0,0,0,1,0,0,1,0,0,0,0,1,1,1,0,0,0
packed_with_info,2,175,0,0,0,0,0,0,0,0,0,1,0,0,1,0,0,0,0,1,1,1,0,0,0
packed_with_info,1,176,0,6,0,0,0,0,0,0,0,1,0,1,1,1,0,0,0,0,0,1,1,1,0
packed_with_info,2,176,0,0,0,0,0,0,0,0,0,1,0,1,1,1,0,0,0,0,0,1,1,1,0
packed_with_info,1,177,0,8,0,0,0,0,0,0,0,1,0,1,1,1,0,0,0,1,0,0,1,0,0
packed_with_info,2,177,0,0,0,0,0,0,0,0,0,1,0,1,1,1,0,0,0,1,0,0,1,0,0
packed_with_info,1,178,0,3,0,0,0,0,0,0,0,1,0,0,0,0,0,0,0,0,1,0,0,0,0
packed_with_info,2,178,0,0,0,0,0,0,0,0,0,1,0,0,0,0,0,0,0,0,1,0,0,0,0
packed_with_info,1,179,0,8,0,0,0,0,0,0,0,1,0,1,1,0,0,1,0,1,0,0,1,1,0
packed_with_info,2,179,0,0,0,0,0,0,0,0,0,1,0,1,1,0,0,1,0,1,0,0,1,1,0
packed_with_info,1,180,0,6,0,0,0,0,0,0,0,1,0,1,1,0,1,0,0,1,0,0,1,0,0
packed_with_info,2,180,0,0,0,0,0,0,0,0,0,1,0,1,1,0,1,0,0,1,0,0,1,0,0
packed_with_info,1,181,0,6,0,0,0,0,0,0,0,1,0,1,1,1,0,0,0,0,1,1,1,0,0
packed_with_info,2,181,0,0,0,0,0,0,0,0,0,1,0,1,1,1,0,0,0,0,1,1,1,0,0
packed_with_info,1,182,0,10,0,0,0,0,0,0,0,1,0,0,1,1,0,0,1,1,1,1,0,0,0
packed_with_info,2,182,0,0,0,0,0,0,0,0,0,1,0,0,1,1,0,0,1,1,1,1,0,0,0
packed_with_info,1,183,0,8,0,0,0,0,0,0,0,1,0,0,1,1,0,1,0,1,0,1,0,0,0
packed_with_info,2,183,0,0,0,0,0,0,0,0,0,1,0,0,1,1,0,1,0,1,0,1,0,0,0
packed_with_info,1,184,0,9,0,0,0,0,0,0,0,1,0,1,1,1,0,0,0,0,0,0,1,1,0
packed_with_info,2,184,0,0,0,0,0,0,0,0,0,1,0,1,1,1,0,0,0,0,0,0,1,1,0
packed_with_info,1,185,0,8,0,0,0,0,0,0,0,1,0,1,1,1,0,0,0,0,0,0,1,0,0
packed_with_info,2,185,0,0,0,0,0,0,0,0,0,1,0,1,1,1,0,0,0,0,0,0,1,0,0
packed_with_info,1,186,0,5,0,0,0,0,0,0,0,1,0,1,1,0,1,0,0,0,0,0,1,0,0
packed_with_info,2,186,0,0,0,0,0,0,0,0,0,1,0,1,1,0,1,0,0,0,0,0,1,0,0
packed_with_info,1,187,0,7,0,0,0,0,0,0,0,1,0,0,1,0,0,1,0,0,0,1,0,0,0
packed_with_info,2,187,0,0,0,0,0,0,0,0,0,1,0,0,1,0,0,1,0,0,0,1,0,0,0
packed_with_info,1,188,0,7,0,0,0,0,0,0,0,1,0,0,1,0,1,0,0,1,1,1,0,0,0
packed_with_info,2,188,0,0,0,0,0,0,0,0,0,1,0,0,1,0,1,0,0,1,1,1,0,0,0
packed_with_info,1,189,0,6,0,0,0,0,0,0,0,1,0,1,1,0,1,0,0,1,1,0,1,0,0
packed_with_info,2,189,0,0,0,0,0,0,0,0,0,1,0,1,1,0,1,0,0,1,1,0,1,0,0
packed_with_info,1,190,0,6,0,0,0,0,0,0,0,1,0,1,1,0,1,0,0,1,1,0,1,0,0
packed_with_info,2,190,0,0,0,0,0,0,0,0,0,1,0,1,1,0,1,0,0,1,1,0,1,0,0
packed_with_info,1,191,0,9,0,0,0,0,0,0,0,1,0,1,1,1,0,0,1,1,1,0,0,0,0
packed_with_info,2,191,0,0,0,0,0,0,0,0,0,1,0,1,1,1,0,0,1,1,1,0,0,0,0
packed_with_info,1,192,0,8,0,0,0,0,0,0,0,1,0,1,1,0,0,1,0,1,1,0,0,0,0
packed_with_info,2,192,0,0,0,0,0,0,0,0,0,1,0,1,1,0,0,1,0,1,1,0,0,0,0
packed_with_info,1,193,0,5,0,0,0,0,0,0,0,1,0,1,1,1,0,0,0,0,0,0,0,1,0
packed_with_info,2,193,0,0,0,0,0,0,0,0,0,1,0,1,1,1,0,0,0,0,0,0,0,1,0
packed_with_info,1,194,0,7,0,0,0,0,0,0,0,1,0,0,1,1,0,0,0,1,0,1,0,0,0
packed_with_info,2,194,0,0,0,0,0,0,0,0,0,1,0,0,1,1,0,0,0,1,0,1,0,0,0
packed_with_info,1,195,0,7,0,0,0,0,0,0,0,1,0,1,1,1,1,0,0,1,1,0,1,1,0
packed_with_info,2,195,0,0,0,0,0,0,0,0,0,1,0,1,1,1,1,0,0,1,1,0,1,1,0
packed_with_info,1,196,0,2,0,0,0,0,0,0,0,1,0,0,0,1,0,0,0,0,1,0,0,1,1
packed_with_info,2,196,0,0,0,0,0,0,0,0,0,1,0,0,0,1,0,0,0,0,1,0,0,1,1
packed_with_info,1,197,0,3,0,0,0,0,0,0,0,1,0,1,1,0,0,0,0,0,0,0,1,1,0
packed_with_info,2,197,0,0,0,0,0,0,0,0,0,1,0,1,1,0,0,0,0,0,0,0,1,1,0
packed_with_info,1,198,0,7,0,0,0,0,0,0,0,1,0,1,0,1,1,0,0,1,1,0,0,1,0
packed_with_info,2,198,0,0,0,0,0,0,0,0,0,1,0,1,0,1,1,0,0,1,1,0,0,1,0
packed_with_info,1,199,0,6,0,0,0,0,0,0,0,1,0,1,1,0,1,0,0,1,0,1,0,0,0
packed_with_info,2,199,0,0,0,0,0,0,0,0,0,1,0,1,1,0,1,0,0,1,0,1,0,0,0
packed_with_info,1,200,0,5,0,0,0,0,0,0,0,1,0,1,1,1,0,1,0,0,0,1,0,1,0
packed_with_info,2,200,0,0,0,0,0,0,0,0,0,1,0,1,1,1,0,1,0,0,0,1,0,1,0
packed_with_info,1,201,0,8,0,0,0,0,0,0,0,1,0,0,1,1,0,1,0,1,1,1,0,0,0
packed_with_info,2,201,0,0,0,0,0,0,0,0,0,1,0,0,1,1,0,1,0,1,1,1,0,0,0
packed_with_info,1,202,0,6,0,0,0,0,0,0,0,1,0,1,1,1,0,0,0,0,1,0,1,1,0
packed_with_info,2,202,0,0,0,0,0,0,0,0,0,1,0,1,1,1,0,0,0,0,1,0,1,1,0
unpacked,1,203,1,7,4,6,5,7,2,6,0,0,1,1,1,0,0,0,1,0,0,1,0,0,0
unpacked,2,203,0,7,4,6,5,7,2,6,0,0,1,1,1,0,0,0,1,0,0,1,0,0,0
unpacked,1,204,1,9,8,9,7,10,9,7,0,0,1,1,1,1,0,0,1,1,0,1,0,1,0
unpacked,2,204,0,9,8,9,7,10,9,7,0,0,1,1,1,1,0,0,1,1,0,1,0,1,0
unpacked,1,205,1,8,8,8,8,8,8,8,0,0,1,1,1,1,1,0,0,1,0,1,0,0,0
unpacked,2,205,0,8,8,8,8,8,8,8,0,0,1,1,1,1,1,0,0,1,0,1,0,0,0
unpacked,1,206,1,7,9,10,5,7,9,6,0,0,1,1,1,1,0,0,1,0,1,1,1,0,0
unpacked,2,206,0,7,9,10,5,7,9,6,0,0,1,1,1,1,0,0,1,0,1,1,1,0,0
unpacked,1,207,1,6,8,7,6,7,3,7,0,0,1,1,1,1,0,0,1,0,0,1,1,0,0
unpacked,2,207,0,6,8,7,6,7,3,7,0,0,1,1,1,1,0,0,1,0,0,1,1,0,0
unpacked,1,208,1,6,7,4,7,9,5,8,0,0,1,0,1,0,1,0,0,1,0,1,0,0,0
unpacked,2,208,0,6,7,4,7,9,5,8,0,0,1,0,1,0,1,0,0,1,0,1,0,0,0
unpacked,1,209,1,9,8,9,7,8,10,8,0,0,1,1,1,1,0,1,0,1,0,1,0,0,0
unpacked,2,209,0,9,8,9,7,8,10,8,0,0,1,1,1,1,0,1,0,1,0,1,0,0,0
unpacked,1,210,1,7,4,7,3,7,9,8,0,0,1,0,1,1,0,0,0,0,0,1,0,0,0
unpacked,2,210,0,7,4,7,3,7,9,8,0,0,1,0,1,1,0,0,0,0,0,1,0,0,0
unpacked,1,211,1,7,6,5,5,9,4,10,0,0,1,1,1,1,1,0,0,1,0,0,0,0,0
unpacked,2,211,0,7,6,5,5,9,4,10,0,0,1,1,1,1,1,0,0,1,0,0,0,0,0
unpacked,1,212,1,9,5,10,8,10,10,9,0,0,1,0,0,1,0,1,0,0,1,1,0,1,1
unpacked,2,212,0,9,5,10,8,10,10,9,0,0,1,0,0,1,0,1,0,0,1,1,0,1,1
unpacked,1,213,1,10,8,10,10,10,10,10,0,0,1,0,1,1,0,0,0,1,1,1,1,0,0
unpacked,2,213,0,10,8,10,10,10,10,10,0,0,1,0,1,1,0,0,0,1,1,1,1,0,0
unpacked,1,214,1,8,6,5,8,9,8,8,0,0,1,0,1,1,0,1,0,1,0,1,1,0,0
unpacked,2,214,0,8,6,5,8,9,8,8,0,0,1,0,1,1,0,1,0,1,0,1,1,0,0
unpacked,1,215,1,8,7,8,8,9,9,7,0,0,1,1,0,1,0,1,0,0,1,1,0,1,1
unpacked,2,215,0,8,7,8,8,9,9,7,0,0,1,1,0,1,0,1,0,0,1,1,0,1,1
unpacked,1,216,1,7,9,8,8,7,2,9,0,0,1,1,1,1,0,0,1,0,0,1,1,0,0
unpacked,2,216,0,7,9,8,8,7,2,9,0,0,1,1,1,1,0,0,1,0,0,1,1,0,0
unpacked,1,217,1,6,3,6,3,5,5,8,0,0,1,0,0,1,0,1,0,0,1,1,0,1,1
unpacked,2,217,0,6,3,6,3,5,5,8,0,0,1,0,0,1,0,1,0,0,1,1,0,1,1
unpacked,1,218,1,8,6,8,8,10,7,7,0,0,1,1,1,0,0,0,1,0,0,1,1,0,0
unpacked,2,218,0,8,6,8,8,10,7,7,0,0,1,1,1,0,0,0,1,0,0,1,1,0,0
unpacked,1,219,1,7,8,8,8,8,7,7,0,0,1,1,1,0,0,1,0,0,0,1,0,0,0
unpacked,2,219,0,7,8,8,8,8,7,7,0,0,1,1,1,0,0,1,0,0,0,1,0,0,0
unpacked,1,220,1,8,5,10,7,8,10,8,0,0,1,0,1,1,0,0,1,0,0,1,0,0,0
unpacked,2,220,0,8,5,10,7,8,10,8,0,0,1,0,1,1,0,0,1,0,0,1,0,0,0
unpacked,1,221,1,9,8,10,9,9,10,10,0,0,1,1,1,1,0,1,0,1,1,1,0,0,0
unpacked,2,221,0,9,8,10,9,9,10,10,0,0,1,1,1,1,0,1,0,1,1,1,0,0,0
unpacked,1,222,1,8,10,6,6,9,8,9,0,0,1,1,1,1,0,0,1,0,0,1,1,0,0
unpacked,2,222,0,8,10,6,6,9,8,9,0,0,1,1,1,1,0,0,1,0,0,1,1,0,0
unpacked,1,223,1,9,8,10,9,10,3,7,0,0,1,1,1,1,0,0,1,1,1,1,0,0,0
unpacked,2,223,0,9,8,10,9,10,3,7,0,0,1,1,1,1,0,0,1,1,1,1,0,0,0
unpacked,1,224,1,8,6,7,8,9,1,10,0,0,1,0,1,1,0,1,0,1,0,1,0,0,0
unpacked,2,224,0,8,6,7,8,9,1,10,0,0,1,0,1,1,0,1,0,1,0,1,0,0,0
unpacked,1,225,1,6,4,4,5,5,7,7,0,0,1,1,1,1,1,0,0,0,0,1,0,0,0
unpacked,2,225,0,6,4,4,5,5,7,7,0,0,1,1,1,1,1,0,0,0,0,1,0,0,0
unpacked,1,226,1,6,6,4,6,9,6,6,0,0,1,0,0,0,1,0,0,1,1,0,0,1,1
unpacked,2,226,0,6,6,4,6,9,6,6,0,0,1,0,0,0,1,0,0,1,1,0,0,1,1
unpacked,1,227,1,6,3,7,8,10,10,2,0,0,1,0,1,0,1,0,0,1,1,1,0,1,0
unpacked,2,227,0,6,3,7,8,10,10,2,0,0,1,0,1,0,1,0,0,1,1,1,0,1,0
unpacked,1,228,1,7,7,6,9,5,9,7,0,0,1,1,1,1,0,0,1,1,1,1,0,0,0
unpacked,2,228,0,7,7,6,9,5,9,7,0,0,1,1,1,1,0,0,1,1,1,1,0,0,0
unpacked,1,229,1,8,3,9,4,10,6,9,0,0,1,1,1,1,0,0,0,1,1,1,0,0,0
unpacked,2,229,0,8,3,9,4,10,6,9,0,0,1,1,1,1,0,0,0,1,1,1,0,0,0
unpacked,1,230,1,8,3,5,7,9,5,9,0,0,1,1,1,1,0,0,0,1,1,1,1,0,0
unpacked,2,230,0,8,3,5,7,9,5,9,0,0,1,1,1,1,0,0,0,1,1,1,1,0,0
unpacked,1,231,1,9,9,9,9,8,9,9,0,0,1,1,1,1,0,0,1,1,1,1,1,0,0
unpacked,2,231,0,9,9,9,9,8,9,9,0,0,1,1,1,1,0,0,1,1,1,1,1,0,0
unpacked,1,232,1,8,8,9,6,8,10,5,0,0,1,0,0,0,1,0,0,1,0,0,0,1,1
unpacked,2,232,0,8,8,9,6,8,10,5,0,0,1,0,0,0,1,0,0,1,0,0,0,1,1
unpacked,1,233,1,8,9,8,7,9,7,8,0,0,1,1,1,1,0,0,1,1,0,1,0,0,0
unpacked,2,233,0,8,9,8,7,9,7,8,0,0,1,1,1,1,0,0,1,1,0,1,0,0,0
unpacked,1,234,1,6,4,7,7,7,6,7,0,0,1,0,0,0,0,0,0,0,0,0,0,0,0
unpacked,2,234,0,6,4,7,7,7,6,7,0,0,1,0,0,0,0,0,0,0,0,0,0,0,0
unpacked,1,235,1,6,6,7,10,9,2,8,0,0,1,1,1,0,0,1,0,0,1,1,1,0,0
unpacked,2,235,0,6,6,7,10,9,2,8,0,0,1,1,1,0,0,1,0,0,1,1,1,0,0
unpacked,1,236,1,8,9,8,8,10,1,9,0,0,1,1,1,1,0,0,1,1,1,1,1,0,0
unpacked,2,236,0,8,9,8,8,10,1,9,0,0,1,1,1,1,0,0,1,1,1,1,1,0,0
unpacked,1,237,1,8,6,8,6,8,1,8,0,0,1,1,1,1,0,1,0,1,0,1,0,0,0
unpacked,2,237,0,8,6,8,6,8,1,8,0,0,1,1,1,1,0,1,0,1,0,1,0,0,0
unpacked,1,238,1,7,3,8,2,8,8,8,0,0,1,0,0,1,1,0,0,1,1,0,0,1,1
unpacked,2,238,0,7,3,8,2,8,8,8,0,0,1,0,0,1,1,0,0,1,1,0,0,1,1
unpacked,1,239,1,7,5,7,7,7,6,6,0,0,1,0,1,1,0,0,1,1,0,1,1,0,0
unpacked,2,239,0,7,5,7,7,7,6,6,0,0,1,0,1,1,0,0,1,1,0,1,1,0,0
unpacked,1,240,1,7,3,10,5,8,9,8,0,0,1,0,1,0,1,0,0,0,0,1,0,0,1
unpacked,2,240,0,7,3,10,5,8,9,8,0,0,1,0,1,0,1,0,0,0,0,1,0,0,1
unpacked,1,241,1,9,7,8,5,8,8,9,0,0,1,1,0,1,1,0,0,1,1,0,0,1,1
unpacked,2,241,0,9,7,8,5,8,8,9,0,0,1,1,0,1,1,0,0,1,1,0,0,1,1
unpacked,1,242,1,8,7,9,8,9,4,8,0,0,1,0,0,0,1,0,0,1,0,1,0,0,0
unpacked,2,242,0,8,7,9,8,9,4,8,0,0,1,0,0,0,1,0,0,1,0,1,0,0,0
unpacked,1,243,1,8,8,9,6,7,9,8,0,0,1,1,1,1,0,0,1,0,0,1,1,0,0
unpacked,2,243,0,8,8,9,6,7,9,8,0,0,1,1,1,1,0,0,1,0,0,1,1,0,0
unpacked,1,244,1,6,4,6,3,3,4,8,0,0,1,0,0,1,0,1,0,0,1,1,0,1,1
unpacked,2,244,0,6,4,6,3,3,4,8,0,0,1,0,0,1,0,1,0,0,1,1,0,1,1
unpacked,1,245,1,9,9,8,8,9,10,8,0,0,1,1,1,1,0,0,1,1,1,1,1,0,0
unpacked,2,245,0,9,9,8,8,9,10,8,0,0,1,1,1,1,0,0,1,1,1,1,1,0,0
unpacked,1,246,1,8,1,8,10,8,4,6,0,0,1,1,1,0,0,0,0,1,0,1,0,0,0
unpacked,2,246,0,8,1,8,10,8,4,6,0,0,1,1,1,0,0,0,0,1,0,1,0,0,0
unpacked,1,247,1,7,5,9,7,9,9,9,0,0,1,1,0,1,0,0,0,1,1,1,0,0,0
unpacked,2,247,0,7,5,9,7,9,9,9,0,0,1,1,0,1,0,0,0,1,1,1,0,0,0
unpacked,1,248,1,7,5,6,6,6,7,7,0,0,1,1,1,1,0,0,0,1,1,0,0,0,0
unpacked,2,248,0,7,5,6,6,6,7,7,0,0,1,1,1,1,0,0,0,1,1,0,0,0,0
unpacked,1,249,1,7,5,8,8,8,5,8,0,0,1,1,0,1,1,0,0,1,1,1,0,0,0
unpacked,2,249,0,7,5,8,8,8,5,8,0,0,1,1,0,1,1,0,0,1,1,1,0,0,0
unpacked,1,250,1,10,9,8,9,10,8,10,0,0,1,1,0,1,0,0,1,1,0,1,0,1,0
unpacked,2,250,0,10,9,8,9,10,8,10,0,0,1,1,0,1,0,0,1,1,0,1,0,1,0
unpacked,1,251,1,8,6,9,9,8,8,7,0,0,1,0,0,1,1,0,0,0,1,0,0,1,1
unpacked,2,251,0,8,6,9,9,8,8,7,0,0,1,0,0,1,1,0,0,0,1,0,0,1,1
unpacked,1,252,1,5,6,4,6,8,1,7,0,0,1,1,1,1,0,0,0,1,1,0,0,0,0
unpacked,2,252,0,5,6,4,6,8,1,7,0,0,1,1,1,1,0,0,0,1,1,0,0,0,0
unpacked,1,253,1,8,2,10,5,10,6,9,0,0,1,0,0,1,0,0,0,1,1,1,0,0,0
unpacked,2,253,0,8,2,10,5,10,6,9,0,0,1,0,0,1,0,0,0,1,1,1,0,0,0
unpacked,1,254,1,7,1,7,5,9,6,7,0,0,1,0,1,1,0,0,0,1,1,0,0,0,0
unpacked,2,254,0,7,1,7,5,9,6,7,0,0,1,0,1,1,0,0,0,1,1,0,0,0,0
unpacked,1,255,1,3,2,4,3,6,1,6,0,0,1,1,0,0,1,0,0,1,1,0,0,0,0
unpacked,2,255,0,3,2,4,3,6,1,6,0,0,1,1,0,0,1,0,0,1,1,0,0,0,0
unpacked,1,256,1,7,1,5,5,8,1,8,0,0,1,1,1,0,1,0,0,1,0,0,0,0,0
unpacked,2,256,0,7,1,5,5,8,1,8,0,0,1,1,1,0,1,0,0,1,0,0,0,0,0
unpacked,1,257,1,8,6,10,7,8,9,7,0,0,1,1,1,1,1,0,0,1,0,0,0,1,0
unpacked,2,257,0,8,6,10,7,8,9,7,0,0,1,1,1,1,1,0,0,1,0,0,0,1,0
unpacked,1,258,1,8,5,10,8,7,6,9,0,0,1,0,1,1,0,1,0,1,1,1,0,0,0
unpacked,2,258,0,8,5,10,8,7,6,9,0,0,1,0,1,1,0,1,0,1,1,1,0,0,0
unpacked,1,259,1,8,7,7,8,7,9,7,0,0,1,0,1,0,1,0,0,0,1,1,0,0,0
unpacked,2,259,0,8,7,7,8,7,9,7,0,0,1,0,1,0,1,0,0,0,1,1,0,0,0
unpacked,1,260,1,10,6,9,7,9,1,10,0,0,1,1,1,1,0,0,0,1,0,1,0,0,0
unpacked,2,260,0,10,6,9,7,9,1,10,0,0,1,1,1,1,0,0,0,1,0,1,0,0,0
unpacked,1,261,1,7,6,5,8,7,5,9,0,0,1,0,0,1,1,0,0,1,0,1,0,0,0
unpacked,2,261,0,7,6,5,8,7,5,9,0,0,1,0,0,1,1,0,0,1,0,1,0,0,0
unpacked,1,262,1,9,6,9,8,8,9,8,0,0,1,1,0,0,0,0,0,0,0,0,0,1,1
unpacked,2,262,0,9,6,9,8,8,9,8,0,0,1,1,0,0,0,0,0,0,0,0,0,1,1
unpacked,1,263,1,7,2,9,8,10,6,4,0,0,1,1,1,0,0,0,0,1,0,1,0,0,0
unpacked,2,263,0,7,2,9,8,10,6,4,0,0,1,1,1,0,0,0,0,1,0,1,0,0,0
unpacked,1,264,1,7,5,4,10,7,4,8,0,0,1,0,0,1,0,1,0,0,1,0,0,0,1
unpacked,2,264,0,7,5,4,10,7,4,8,0,0,1,0,0,1,0,1,0,0,1,0,0,0,1
unpacked,1,265,1,8,7,7,7,8,2,8,0,0,1,1,0,0,0,1,0,1,1,0,0,0,1
unpacked,2,265,0,8,7,7,7,8,2,8,0,0,1,1,0,0,0,1,0,1,1,0,0,0,1
unpacked,1,266,1,7,10,8,6,6,2,9,0,0,1,0,1,1,0,1,0,0,1,1,0,0,0
unpacked,2,266,0,7,10,8,6,6,2,9,0,0,1,0,1,1,0,1,0,0,1,1,0,0,0
unpacked,1,267,1,9,7,8,10,9,10,6,0,0,1,1,1,0,1,0,0,1,0,1,1,0,0
unpacked,2,267,0,9,7,8,10,9,10,6,0,0,1,1,1,0,1,0,0,1,0,1,1,0,0
unpacked,1,268,1,8,7,10,7,10,9,8,0,0,1,1,1,1,0,0,0,1,0,1,0,0,0
unpacked,2,268,0,8,7,10,7,10,9,8,0,0,1,1,1,1,0,0,0,1,0,1,0,0,0
unpacked,1,269,1,7,7,6,7,8,1,8,0,0,1,1,1,1,0,0,1,0,1,0,1,0,0
unpacked,2,269,0,7,7,6,7,8,1,8,0,0,1,1,1,1,0,0,1,0,1,0,1,0,0
unpacked,1,270,1,9,8,10,6,7,8,9,0,0,1,0,1,1,0,1,0,1,1,0,0,0,0
unpacked,2,270,0,9,8,10,6,7,8,9,0,0,1,0,1,1,0,1,0,1,1,0,0,0,0
unpacked,1,271,1,9,8,10,10,8,7,8,0,0,1,0,1,1,1,0,0,1,1,1,0,0,0
unpacked,2,271,0,9,8,10,10,8,7,8,0,0,1,0,1,1,1,0,0,1,1,1,0,0,0
unpacked,1,272,1,6,5,4,8,8,4,7,0,0,1,0,0,1,0,0,1,1,0,0,0,1,1
unpacked,2,272,0,6,5,4,8,8,4,7,0,0,1,0,0,1,0,0,1,1,0,0,0,1,1
unpacked,1,273,1,7,5,5,6,7,9,4,0,0,1,0,1,0,0,0,0,1,1,1,1,0,0
unpacked,2,273,0,7,5,5,6,7,9,4,0,0,1,0,1,0,0,0,0,1,1,1,1,0,0
unpacked,1,274,1,8,8,6,8,5,5,10,0,0,1,0,0,1,1,0,0,0,1,1,0,0,0
unpacked,2,274,0,8,8,6,8,5,5,10,0,0,1,0,0,1,1,0,0,0,1,1,0,0,0
unpacked,1,275,1,10,8,10,10,10,10,9,0,0,1,0,0,1,0,1,0,0,1,1,1,1,1
unpacked,2,275,0,10,8,10,10,10,10,9,0,0,1,0,0,1,0,1,0,0,1,1,1,1,1
unpacked,1,276,1,8,7,8,4,8,9,8,0,0,1,0,1,0,0,1,0,1,1,0,0,0,0
unpacked,2,276,0,8,7,8,4,8,9,8,0,0,1,0,1,0,0,1,0,1,1,0,0,0,0
unpacked,1,277,1,6,7,7,1,6,2,8,0,0,1,0,0,1,0,0,0,1,0,0,0,0,0
unpacked,2,277,0,6,7,7,1,6,2,8,0,0,1,0,0,1,0,0,0,1,0,0,0,0,0
unpacked,1,278,1,5,2,9,1,3,9,3,0,0,1,1,1,0,0,0,0,1,0,1,0,0,0
unpacked,2,278,0,5,2,9,1,3,9,3,0,0,1,1,1,0,0,0,0,1,0,1,0,0,0
unpacked,1,279,1,6,2,6,2,9,8,7,0,0,1,1,1,0,0,0,0,0,0,1,0,0,0
unpacked,2,279,0,6,2,6,2,9,8,7,0,0,1,1,1,0,0,0,0,0,0,1,0,0,0
unpacked,1,280,1,9,10,8,10,7,8,10,0,0,1,1,1,1,0,0,1,0,0,1,1,0,0
unpacked,2,280,0,9,10,8,10,7,8,10,0,0,1,1,1,1,0,0,1,0,0,1,1,0,0
unpacked,1,281,1,8,9,9,6,3,4,10,0,0,1,1,1,1,0,0,1,1,0,0,0,0,0
unpacked,2,281,0,8,9,9,6,3,4,10,0,0,1,1,1,1,0,0,1,1,0,0,0,0,0
unpacked,1,282,1,7,6,10,1,8,3,7,0,0,1,0,1,0,1,0,0,1,0,1,0,0,0
unpacked,2,282,0,7,6,10,1,8,3,7,0,0,1,0,1,0,1,0,0,1,0,1,0,0,0
unpacked,1,283,1,7,3,9,3,7,8,8,0,0,1,1,1,1,0,0,0,0,1,1,1,0,0
unpacked,2,283,0,7,3,9,3,7,8,8,0,0,1,1,1,1,0,0,0,0,1,1,1,0,0
unpacked,1,284,1,6,7,9,7,8,1,3,0,0,1,1,0,0,1,0,0,1,1,1,0,0,0
unpacked,2,284,0,6,7,9,7,8,1,3,0,0,1,1,0,0,1,0,0,1,1,1,0,0,0
unpacked,1,285,1,5,1,7,1,8,1,8,0,0,1,0,0,1,0,0,0,1,1,1,0,0,0
unpacked,2,285,0,5,1,7,1,8,1,8,0,0,1,0,0,1,0,0,0,1,1,1,0,0,0
unpacked,1,286,1,8,7,9,7,6,10,9,0,0,1,1,0,1,0,1,0,0,0,1,1,0,1
unpacked,2,286,0,8,7,9,7,6,10,9,0,0,1,1,0,1,0,1,0,0,0,1,1,0,1
unpacked,1,287,1,8,5,10,8,8,9,9,0,0,1,1,1,1,1,0,0,1,0,0,0,1,0
unpacked,2,287,0,8,5,10,8,8,9,9,0,0,1,1,1,1,1,0,0,1,0,0,0,1,0
unpacked,1,288,1,8,5,8,8,7,10,10,0,0,1,1,1,1,0,0,0,0,1,1,0,0,0
unpacked,2,288,0,8,5,8,8,7,10,10,0,0,1,1,1,1,0,0,0,0,1,1,0,0,0
unpacked,1,289,1,7,7,7,6,7,3,8,0,0,1,0,1,1,0,0,0,1,0,0,1,0,0
unpacked,2,289,0,7,7,7,6,7,3,8,0,0,1,0,1,1,0,0,0,1,0,0,1,0,0
unpacked,1,290,1,10,8,10,10,9,5,10,0,0,1,0,1,1,0,1,0,1,1,1,0,0,0
unpacked,2,290,0,10,8,10,10,9,5,10,0,0,1,0,1,1,0,1,0,1,1,1,0,0,0
unpacked,1,291,1,6,8,5,4,10,1,4,0,0,1,1,0,1,1,0,0,1,0,1,0,0,0
unpacked,2,291,0,6,8,5,4,10,1,4,0,0,1,1,0,1,1,0,0,1,0,1,0,0,0
unpacked,1,292,1,7,8,6,8,6,1,7,0,0,1,0,1,1,0,1,0,1,0,1,0,0,0
unpacked,2,292,0,7,8,6,8,6,1,7,0,0,1,0,1,1,0,1,0,1,0,1,0,0,0
unpacked,1,293,1,8,8,10,6,9,10,10,0,0,1,1,1,1,1,0,0,0,0,1,1,0,0
unpacked,2,293,0,8,8,10,6,9,10,10,0,0,1,1,1,1,1,0,0,0,0,1,1,0,0
unpacked,1,294,1,7,8,6,8,9,7,9,0,0,1,0,1,1,0,0,1,1,1,1,0,0,0
unpacked,2,294,0,7,8,6,8,9,7,9,0,0,1,0,1,1,0,0,1,1,1,1,0,0,0
unpacked,1,295,1,9,5,10,8,10,3,8,0,0,1,1,1,1,1,0,0,1,0,1,0,0,0
unpacked,2,295,0,9,5,10,8,10,3,8,0,0,1,1,1,1,1,0,0,1,0,1,0,0,0
unpacked,1,296,1,8,3,10,10,10,10,6,0,0,1,1,1,1,0,0,0,1,0,1,0,0,0
unpacked,2,296,0,8,3,10,10,10,10,6,0,0,1,1,1,1,0,0,0,1,0,1,0,0,0
unpacked,1,297,1,9,6,9,7,8,7,8,0,0,1,1,1,1,1,0,0,1,0,0,0,0,0
unpacked,2,297,0,9,6,9,7,8,7,8,0,0,1,1,1,1,1,0,0,1,0,0,0,0,0
unpacked,1,298,1,9,8,10,9,10,10,9,0,0,1,1,1,1,0,0,1,0,0,1,0,0,0
unpacked,2,298,0,9,8,10,9,10,10,9,0,0,1,1,1,1,0,0,1,0,0,1,0,0,0
unpacked,1,299,1,6,6,7,4,6,7,6,0,0,1,0,0,0,0,1,0,0,1,1,0,1,0
unpacked,2,299,0,6,6,7,4,6,7,6,0,0,1,0,0,0,0,1,0,0,1,1,0,1,0
unpacked,1,300,1,7,7,9,4,6,9,9,0,0,1,0,1,1,0,1,0,0,0,1,0,1,0
unpacked,2,300,0,7,7,9,4,6,9,9,0,0,1,0,1,1,0,1,0,0,0,1,0,1,0
unpacked,1,301,1,5,1,9,3,10,7,9,0,0,1,1,0,1,0,0,0,1,1,1,0,0,0
unpacked,2,301,0,5,1,9,3,10,7,9,0,0,1,1,0,1,0,0,0,1,1,1,0,0,0
unpacked,1,302,1,6,8,4,8,6,1,9,0,0,1,0,0,1,0,1,0,0,0,1,0,0,0
unpacked,2,302,0,6,8,4,8,6,1,9,0,0,1,0,0,1,0,1,0,0,0,1,0,0,0
unpacked,1,303,1,6,3,8,8,9,6,2,0,0,1,1,0,0,1,0,0,0,1,0,1,0,1
unpacked,2,303,0,6,3,8,8,9,6,2,0,0,1,1,0,0,1,0,0,0,1,0,1,0,1
unpacked,1,304,1,8,5,8,7,8,9,9,0,0,1,0,1,1,0,0,0,0,1,1,0,0,0
unpacked,2,304,0,8,5,8,7,8,9,9,0,0,1,0,1,1,0,0,0,0,1,1,0,0,0
unpacked,1,305,1,7,3,7,7,8,8,6,0,0,1,0,0,0,0,1,0,0,1,0,0,1,1
unpacked,2,305,0,7,3,7,7,8,8,6,0,0,1,0,0,0,0,1,0,0,1,0,0,1,1
unpacked,1,306,1,7,4,5,5,8,4,8,0,0,1,1,0,1,0,1,0,0,0,1,1,1,1
unpacked,2,306,0,7,4,5,5,8,4,8,0,0,1,1,0,1,0,1,0,0,0,1,1,1,1
unpacked,1,307,1,7,3,6,8,4,8,8,0,0,1,1,0,1,0,0,0,1,1,1,1,1,1
unpacked,2,307,0,7,3,6,8,4,8,8,0,0,1,1,0,1,0,0,0,1,1,1,1,1,1
unpacked,1,308,1,7,8,9,8,7,9,6,0,0,1,0,1,1,0,0,1,0,1,1,0,0,0
unpacked,2,308,0,7,8,9,8,7,9,6,0,0,1,0,1,1,0,0,1,0,1,1,0,0,0
unpacked,1,309,1,7,8,5,6,6,2,6,0,0,1,1,1,0,0,0,0,1,0,0,0,0,0
unpacked,2,309,0,7,8,5,6,6,2,6,0,0,1,1,1,0,0,0,0,1,0,0,0,0,0
unpacked,1,310,1,8,9,8,9,7,7,6,0,0,1,0,0,1,0,0,1,0,0,1,1,1,1
unpacked,2,310,0,8,9,8,9,7,7,6,0,0,1,0,0,1,0,0,1,0,0,1,1,1,1
unpacked,1,311,1,8,8,9,7,7,10,6,0,0,1,0,0,1,0,0,1,0,0,1,1,1,1
unpacked,2,311,0,8,8,9,7,7,10,6,0,0,1,0,0,1,0,0,1,0,0,1,1,1,1
unpacked,1,312,1,6,3,9,1,1,9,5,0,0,1,0,0,0,0,1,0,0,1,0,0,1,1
unpacked,2,312,0,6,3,9,1,1,9,5,0,0,1,0,0,0,0,1,0,0,1,0,0,1,1
unpacked,1,313,1,8,6,7,6,9,9,9,0,0,1,1,1,1,0,1,0,0,0,1,0,1,0
unpacked,2,313,0,8,6,7,6,9,9,9,0,0,1,1,1,1,0,1,0,0,0,1,0,1,0
unpacked,1,314,1,5,2,3,5,9,3,3,0,0,1,1,1,0,0,0,0,1,1,1,0,0,0
unpacked,2,314,0,5,2,3,5,9,3,3,0,0,1,1,1,0,0,0,0,1,1,1,0,0,0
unpacked,1,315,1,6,6,5,5,7,3,8,0,0,1,0,1,1,0,1,0,1,1,1,0,0,0
unpacked,2,315,0,6,6,5,5,7,3,8,0,0,1,0,1,1,0,1,0,1,1,1,0,0,0
unpacked,1,316,1,7,8,6,6,8,6,7,0,0,1,0,1,0,0,0,1,1,1,1,1,0,0
unpacked,2,316,0,7,8,6,6,8,6,7,0,0,1,0,1,0,0,0,1,1,1,1,1,0,0
unpacked,1,317,1,8,8,9,8,6,5,9,0,0,1,1,1,1,0,0,0,1,0,1,1,0,0
unpacked,2,317,0,8,8,9,8,6,5,9,0,0,1,1,1,1,0,0,0,1,0,1,1,0,0
unpacked,1,318,1,10,8,10,4,10,10,8,0,0,1,1,0,1,0,0,0,0,0,1,0,1,1
unpacked,2,318,0,10,8,10,4,10,10,8,0,0,1,1,0,1,0,0,0,0,0,1,0,1,1
unpacked,1,319,1,9,10,10,9,10,7,10,0,0,1,1,1,1,0,0,1,1,0,1,1,0,0
unpacked,2,319,0,9,10,10,9,10,7,10,0,0,1,1,1,1,0,0,1,1,0,1,1,0,0
unpacked,1,320,1,8,6,9,8,8,10,8,0,0,1,1,1,1,1,0,0,0,0,0,0,1,0
unpacked,2,320,0,8,6,9,8,8,10,8,0,0,1,1,1,1,1,0,0,0,0,0,0,1,0
unpacked,1,321,1,7,7,5,6,7,9,9,0,0,1,0,1,1,1,0,0,0,1,0,1,1,0
unpacked,2,321,0,7,7,5,6,7,9,9,0,0,1,0,1,1,1,0,0,0,1,0,1,1,0
unpacked,1,322,1,7,6,7,8,9,1,9,0,0,1,0,1,1,0,0,0,1,1,0,1,0,0
unpacked,2,322,0,7,6,7,8,9,1,9,0,0,1,0,1,1,0,0,0,1,1,0,1,0,0
unpacked,1,323,1,7,6,5,7,7,10,8,0,0,1,0,1,0,0,0,0,0,0,1,0,1,0
unpacked,2,323,0,7,6,5,7,7,10,8,0,0,1,0,1,0,0,0,0,0,0,1,0,1,0
unpacked,1,324,1,8,7,5,8,7,6,9,0,0,1,1,1,1,1,0,0,0,1,0,1,1,0
unpacked,2,324,0,8,7,5,8,7,6,9,0,0,1,1,1,1,1,0,0,0,1,0,1,1,0
unpacked,1,325,1,8,4,10,4,9,9,7,0,0,1,1,1,1,1,0,0,1,0,0,1,0,0
unpacked,2,325,0,8,4,10,4,9,9,7,0,0,1,1,1,1,1,0,0,1,0,0,1,0,0
unpacked,1,326,1,7,6,7,6,9,3,7,0,0,1,1,0,1,1,0,0,1,0,0,1,0,0
unpacked,2,326,0,7,6,7,6,9,3,7,0,0,1,1,0,1,1,0,0,1,0,0,1,0,0
unpacked,1,327,1,7,7,4,7,7,8,8,0,0,1,0,1,1,1,0,0,0,1,0,1,1,0
unpacked,2,327,0,7,7,4,7,7,8,8,0,0,1,0,1,1,1,0,0,0,1,0,1,1,0
unpacked,1,328,1,7,7,7,4,8,3,6,0,0,1,1,1,1,0,1,0,0,0,0,1,0,0
unpacked,2,328,0,7,7,7,4,8,3,6,0,0,1,1,1,1,0,1,0,0,0,0,1,0,0
unpacked,1,329,1,7,7,8,6,6,8,8,0,0,1,1,0,1,1,0,0,0,0,0,1,0,0
unpacked,2,329,0,7,7,8,6,6,8,8,0,0,1,1,0,1,1,0,0,0,0,0,1,0,0
unpacked,1,330,1,8,3,10,5,8,10,8,0,0,1,1,0,0,0,1,0,1,0,1,1,0,0
unpacked,2,330,0,8,3,10,5,8,10,8,0,0,1,1,0,0,0,1,0,1,0,1,1,0,0
unpacked,1,331,1,8,5,7,7,5,10,10,0,0,1,1,0,1,1,0,0,0,0,0,1,0,0
unpacked,2,331,0,8,5,7,7,5,10,10,0,0,1,1,0,1,1,0,0,0,0,0,1,0,0
unpacked,1,332,1,9,6,6,6,6,6,6,0,0,1,0,0,0,1,0,0,0,0,0,1,1,1
unpacked,2,332,0,9,6,6,6,6,6,6,0,0,1,0,0,0,1,0,0,0,0,0,1,1,1
unpacked,1,333,1,8,4,9,6,7,9,9,0,0,1,0,1,1,1,0,0,0,0,0,1,0,0
unpacked,2,333,0,8,4,9,6,7,9,9,0,0,1,0,1,1,1,0,0,0,0,0,1,0,0
unpacked,1,334,1,6,6,6,5,4,8,5,0,0,1,0,0,0,1,0,0,1,0,0,1,1,0
unpacked,2,334,0,6,6,6,5,4,8,5,0,0,1,0,0,0,1,0,0,1,0,0,1,1,0
unpacked,1,335,1,7,7,5,6,4,6,5,0,0,1,0,0,1,0,1,0,0,1,0,1,1,0
unpacked,2,335,0,7,7,5,6,4,6,5,0,0,1,0,0,1,0,1,0,0,1,0,1,1,0
unpacked,1,336,1,6,6,6,6,7,6,6,0,0,1,0,0,0,1,0,0,1,0,1,1,0,0
unpacked,2,336,0,6,6,6,6,7,6,6,0,0,1,0,0,0,1,0,0,1,0,1,1,0,0
unpacked,1,337,1,8,8,10,7,10,10,10,0,0,1,1,1,1,0,0,0,1,0,0,0,1,0
unpacked,2,337,0,8,8,10,7,10,10,10,0,0,1,1,1,1,0,0,0,1,0,0,0,1,0
unpacked,1,338,1,10,9,9,8,9,9,8,0,0,1,1,1,1,0,0,1,1,1,1,0,1,0
unpacked,2,338,0,10,9,9,8,9,9,8,0,0,1,1,1,1,0,0,1,1,1,1,0,1,0
unpacked,1,339,1,10,9,8,9,7,8,9,0,0,1,0,0,1,0,0,1,1,1,1,0,1,1
unpacked,2,339,0,10,9,8,9,7,8,9,0,0,1,0,0,1,0,0,1,1,1,1,0,1,1
unpacked,1,340,1,10,8,8,9,10,7,8,0,0,1,1,0,1,0,1,0,1,1,1,0,0,0
unpacked,2,340,0,10,8,8,9,10,7,8,0,0,1,1,0,1,0,1,0,1,1,1,0,0,0
unpacked,1,341,1,8,6,7,10,9,8,6,0,0,1,1,1,0,1,0,0,1,1,1,0,1,0
unpacked,2,341,0,8,6,7,10,9,8,6,0,0,1,1,1,0,1,0,0,1,1,1,0,1,0
unpacked,1,342,1,8,7,6,7,7,9,10,0,0,1,1,1,1,0,1,0,0,1,0,0,1,0
unpacked,2,342,0,8,7,6,7,7,9,10,0,0,1,1,1,1,0,1,0,0,1,0,0,1,0
